SKU;Nome;Preço;Estoque;Grupo;Subgrupo
8.25.99.02.00;Acolchoado Dupla Face Para Recém-Nascido Mesh Verde e Cinza - 4 Moms;339.9;2;Passeio;Acessórios para Passeio
8.30.33.57.69;Acordeão Eletrônico Tiny Rockers - Tiny Love;0.0;1;Brinquedo e Diversão;Brinquedos Diversos
8.09.93.02.01;Adaptador M para Bebê Conforto Preto - Yoyo;769.9;1;Passeio;Acessórios para Passeio
8.09.47.01.06;Adesivo Refletor Para Carrinhos KaBaby;9.9;1;Passeio;Acessórios para Passeio
8.24.23.68.07;Alimentador de Silicone 3 Bicos Azul - Infanti;39.9;4;Alimentação;Acessórios de Alimentação
8.24.23.69.18;Alimentador Infantil de Silicone Piccolo 3 Bicos Rosa - Infanti;39.9;6;Alimentação;Acessórios de Alimentação
8.24.91.02.00;Almofada De Amamentação Mescla - Silver Mamma;209.9;20;Alimentação;Acessórios de Alimentação
8.24.91.05.00;Almofada De Amamentação Mescla Claro - Silver Mamma;209.9;20;Alimentação;Acessórios de Alimentação
8.24.91.03.00;Almofada De Amamentação Pérola - Silver Mamma;209.9;24;Alimentação;Acessórios de Alimentação
8.24.91.04.00;Almofada De Amamentação Rosa - Silver Mamma;209.9;27;Alimentação;Acessórios de Alimentação
8.24.23.47.10;Almofada de Amamentação Serena Cinza Mescla - Infanti;179.9;8;Alimentação;Amamentação
8.03.57.04.69;Almofada de Atividades Amazônia - Buba;89.9;3;Centro de Atividades;Centro de Atividades
8.03.57.03.69;Almofada de Atividades Panda - Buba ;89.9;1;Brinquedo e Diversão;Centro de Atividades
8.25.01.13.00;Almofada De Banho 0 a 10 meses Mickey - Fom Baby;149.9;1;Banho e Higiene;Utensílios de Higiene
8.03.71.16.07;Almofada De Banho Azul - Baby Pil;149.9;9;Banho e Higiene;Utensílios de Higiene
8.03.71.02.07;Almofada De Banho Azul Marinho - Baby Pil;139.9;11;Banho e Higiene;Utensílios de Higiene
8.03.71.21.07;Almofada De Banho Azul Marinho Tamanho P - Baby Pil;109.9;14;Banho e Higiene;Utensílios de Higiene
8.03.71.19.07;Almofada De Banho Azul Tamanho P - Baby Pil;114.9;9;Banho e Higiene;Utensílios de Higiene
8.03.71.22.10;Almofada De Banho Cinza Claro Tamanho P - Baby Pil;99.9;19;Banho e Higiene;Utensílios de Higiene
8.03.71.17.00;Almofada De Banho Creme - Baby Pil;139.9;10;Banho e Higiene;Utensílios de Higiene
8.03.71.08.00;Almofada De Banho Fit Cinza Mescla - Baby Pil;139.9;12;Banho e Higiene;Utensílios de Higiene
8.03.71.10.00;Almofada De Banho Hipopótamo Luca Azul - Baby Pil;149.9;20;Banho e Higiene;Utensílios de Higiene
8.03.71.09.00;Almofada De Banho Jacaré Léo Verde - Baby Pil;149.9;5;Banho e Higiene;Utensílios de Higiene
8.03.71.03.18;Almofada De Banho Para Bebê de 0 a 10 meses Rosa - Baby Pil;139.9;12;Banho e Higiene;Utensílios de Higiene
8.03.71.20.18;Almofada De Banho Rosa Tamanho P - Baby Pil;114.9;17;Banho e Higiene;Utensílios de Higiene
8.03.23.05.01;Almofada de Elevação Mangiare Preto - Infanti;0.0;5;Alimentação;Acessórios de Alimentação
8.25.57.90.10;Almofada Elefante Gigante Cinza - Buba;169.9;2;Quarto;Quarto
8.09.70.20.10;Almofada Para Carrinho Espaço Cinza - Clingo;139.9;3;Carrinho de Bebê;Carrinho de Bebê
8.09.70.21.07;Almofada Para Carrinho Triângulo Azul - Clingo;139.9;2;Carrinho de Bebê;Carrinho de Bebê
8.09.70.19.10;Almofada Para Carrinho Triangulos Cinza - Clingo;139.9;2;Carrinho de Bebê;Carrinho de Bebê
8.03.01.12.10;Almofada para Carrinhos e Bebê Conforto SafeHuggy Light Melange - Safety 1st;119.9;2;Passeio;Acessório para Passeio
8.25.01.05.10;Almofada para Cinto de Segurança Grey - Safety 1st;79.9;2;Travas e Protetores;Travas e Protetores
8.25.75.01.10;Almofada Redutora Bebê Fofo Lycra para Bebê Conforto e Carrinho Cinza - D'Bella For Baby;149.9;4;Quarto;Quarto
8.25.75.06.07;Almofada Redutora Bebê Fofo Malha para Bebê Conforto e Carrinho Azul Jeans - D´Bella for Baby;139.9;3;Passeio;Acessórios para Passeio
8.25.75.05.00;Almofada Redutora Bebê Fofo Malha para Bebê Conforto e Carrinho Nude - D´Bella for Baby;139.9;7;Passeio;Acessórios para Passeio
8.25.75.52.18;Almofada Redutora Bebê Fofo Malha para Bebê Conforto e Carrinho Rosê - D´Bella for Baby;139.9;2;Banho e Higiene;Utensílios de Higiene
8.03.01.07.27;Almofada Redutora de Assento SafeNest Grey - Safety 1st;149.9;1;Passeio;Acessórios para Passeio
8.67.33.01.07;Andador e Centro de Atividades Here I Grow Magical Tales 4 em 1 Branco e Azul - Tiny Love;0.0;1;Brinquedo e Diversão;Andador
8.05.03.17.07;Andador Infantil Baby Step Até 12 kg Azul - Voyage;259.9;2;Brinquedo e Diversão;Andador
8.05.03.15.07;Andador Infantil Buggy Até 12kg Azul - Voyage;279.9;4;Brinquedo e Diversão;Andador
8.67.170.01.11;Andador Infantil Divertido em Madeira Verde - Hape;559.9;3;Brinquedo e Diversão;Andador
8.67.170.02.76;Andador Infantil Musical em Madeira Marrom - Hape;595.9;2;Brinquedo e Diversão;Andador
8.05.01.18.27;Andador Infantil Space 3 em 1 Grey - Safety 1st;599.9;6;Brinquedo e Diversão;Andador
8.05.01.19.17;Andador Infantil Space 3 em 1 Laranja - Safety 1st;599.9;2;Brinquedo e Diversão;Andador
8.67.33.02.00;Andador Multifuncional de Madeira Boho Chic - Tiny Love;0.0;13;Brinquedo e Diversão;Andador
8.25.100.05.00;Aparelho para Alívio da Dor na Hora da Injeção LikLuc;19.9;1;Banho e Higiene;Utensílios de Higiene
8.25.70.22.10;Apoio de Cabeça Para Crianças Cinza - Clingo;79.9;3;Passeio;Acessórios para Passeio
8.25.70.06.01;Apoio de Cabeça Para Crianças Preto – Clingo;69.9;5;Passeio;Acessórios para Passeio
8.25.47.39.18;Apoio de Cabeça Soneca Para Carro Rosa - KaBaby;79.9;1;Passeio;Acessórios para Passeio
8.30.33.29.00;Arco Nature Stroll Musical Into The Forest - Tiny Love;0.0;5;Brinquedo e Diversão;Brinquedos
8.30.33.28.00;Arco Sunny Stroll Meadow Days - Tiny Love;0.0;16;Brinquedo e Diversão;Brinquedos
8.30.33.30.00;Arco Sunny Stroll Princess Tales - Tiny Love;0.0;3;Brinquedo e Diversão;Brinquedos
8.25.57.59.03;Aspirador Nasal De Sucção e Seringa - Buba;19.9;8;Banho e Higiene;Utensílios de Higiene
8.25.01.36.03;Aspirador Nasal de Sucção Transparente - Safety 1st;29.9;2;Banho e Higiene;Utensílios de Higiene
8.07.04.50.10;Assento de Elevação Booster Clippy 15 a 36 Kg Cinza - Cosco;79.9;12;Passeio;Cadeira para Carro
8.07.04.49.01;Assento de Elevação Booster Clippy 15 a 36 kg Preto - Cosco;67.9;70;Passeio;Cadeira para Carro
8.07.23.25.10;Assento de Elevação Booster Stage Cinza Eclipse - Infanti;0.0;1;Passeio;Cadeira para Carro
8.07.23.02.11;Assento de Elevação Booster Starfix Verde Gamer - Infanti;0.0;2;Passeio;Cadeira para Carro
8.07.04.54.10;Assento de Elevação Booster Teen 15 a 36kg Cinza - Cosco;109.9;1;Passeio;Cadeira para Carro
8.07.04.53.01;Assento de Elevação Booster Teen 15 a 36kg Preto - Cosco;109.9;1;Passeio;Cadeira para Carro
8.07.01.35.01;Assento de Elevação Booster Trackfix 15 a 36 Kg Black - Safety 1st;374.0;3;Passeio;Cadeira para Carro
8.07.03.19.10;Assento de Elevação Booster Vibe 15 a 36 kg Cinza - Voyage;59.9;11;Passeio;Cadeira para Carro
8.09.76.80.57;Assento Extra para Carrinho de Bebê Versiti Areia Sandstone - Joie;1439.1;3;Passeio;Acessório para Passeio
8.09.76.79.10;Assento Extra para Carrinho de Bebê Versiti Chumbo Ebony - Joie;1439.1;2;Passeio;Acessório para Passeio
8.09.53.10.01;Assento Extra Para Carrinho Fully Chicco Black Night;279.9;8;Passeio;Acessórios para Passeio
8.30.57.23.69;Atomic Ball - Buba;59.9;2;Brinquedo e Diversão;Brinquedos
8.25.02.37.06;Babá Eletrônica See White - Maxi-Cosi;0.0;2;Quarto;Babá Eletrônica
8.25.01.41.06;Babá Eletrônica Super Smart Vision White - Safety 1st;599.9;53;Quarto;Babá Eletrônica
8.25.57.91.00;Babador Com Pega Migalhas Arco Íris - Buba;9.9;3;Alimentação;Acessórios de Alimentação
8.25.57.98.00;Babador Com Pega Migalhas Oncinha - Buba;9.9;1;Alimentação;Acessórios de Alimentação
8.25.47.09.11;Babador de Silicone com Cata Migalhas Leão Verde - KaBaby;39.9;3;Alimentação;Acessórios de Alimentação
8.25.47.08.18;Babador de Silicone com Cata Migalhas Porquinho Rosa - KaBaby;39.9;1;Alimentação;Acessórios de Alimentação
8.24.23.65.18;Babador de Silicone com Pega Migalhas Piccolo Rosa - Infanti;29.9;2;Alimentação;Acessórios de Alimentação
8.24.23.71.00;Babador de Silicone Com Pega Migalhas Piccolo Terracota - Infanti;29.9;1;Alimentação;Acessórios de Alimentação
8.24.23.70.11;Babador de Silicone Com Pega Migalhas Piccolo Verde - Infanti;29.9;2;Alimentação;Acessórios de Alimentação
8.25.47.60.11;Babador Divertido com Bolso Cata-Migalhas Macaquinho Verde - KaBaby;19.9;1;Alimentação;Acessórios de Alimentação
8.25.47.48.18;Babador Kabib Mini com Pega Migalhas Elefantes Rosa - KaBaby;19.9;1;Alimentação;Acessórios de Alimentação
8.25.47.49.57;Babador Kabib Mini com Pega Migalhas Joaninhas Bege - KaBaby;19.9;1;Alimentação;Acessórios de Alimentação
8.25.70.19.113;Babador Silicone Com Bolso Coletor Gatinha Milky - Clingo;29.9;5;Alimentação;Acessórios de Alimentação
8.25.70.21.07;Babador Silicone com Bolso Coletor Leão Luke - Clingo;29.9;2;Alimentação;Acessórios de Alimentação
8.25.47.54.08;Babador Standard com Bolso Balões Azul e Vermelho - KaBaby;29.9;1;Alimentação;Acessórios de Alimentação
8.25.47.52.07;Babador Standard com Bolso Carrinhos Azul - KaBaby;29.9;1;Alimentação;Acessórios de Alimentação
8.25.47.57.06;Babador Standard com Bolso Coração Rosa - KaBaby;29.9;1;Alimentação;Acessórios de Alimentação
8.25.47.56.18;Babador Standard com Bolso Coração Rosa e Azul - KaBaby;29.9;1;Alimentação;Acessórios de Alimentação
8.25.47.53.07;Babador Standard com Bolso Elefantinho Azul - KaBaby;29.9;1;Alimentação;Acessórios de Alimentação
8.25.47.55.18;Babador Standard com Bolso Gatinha Rosa - KaBaby;29.9;1;Alimentação;Acessórios de Alimentação
8.25.47.50.11;Babador Standard com Bolso Macaco Verde - KaBaby;29.9;1;Alimentação;Acessórios de Alimentação
8.30.57.08.18;Baby Ball Cute Buba Azul e Rosa;24.9;2;Brinquedo e Diversão;Brinquedos
8.25.57.137.69;Bandana Com Mordedor Arco-Íris e Abelha - Buba;24.9;1;Brinquedo e Diversão;Mordedores
8.25.57.138.69;Bandana Com Mordedor Dino - Buba;19.9;1;Brinquedo e Diversão;Mordedores
8.25.57.104.00;Bandana Com Mordedor Happy Friends - Buba;19.9;1;Alimentação;Acessórios de Alimentação
8.01.103.03.07;Banheira de Bebê Baby Happy Azul - Premium Baby;249.9;2;Banho e Higiene;Banheira
8.01.103.01.10;Banheira de Bebê Baby Happy Cinza - Premium Baby;289.9;1;Banho e Higiene;Banheira
8.01.103.02.11;Banheira de Bebê Baby Happy Verde - Premium Baby;265.9;5;Banho e Higiene;Banheira
8.01.23.01.10;Banheira de Bebê com Suporte Sicília Duo até 35 kg Branco e Cinza - Infanti;0.0;1;Banho e Higiene;Banheira
8.01.47.01.07;Banheira de Bebê Dobrável Azul - KaBaby;309.9;1;Banho e Higiene;Banheira
8.01.47.08.18;Banheira de Bebê Dobrável e Antiderrapante Rosa - KaBaby;349.9;2;Banho e Higiene;Banheira
8.01.182.01.10;Banheira de Bebê Dobrável Portátil Até 35 Litros com Almofada de Banho Cinza - Mollie Baby;139.9;354;Banho e Higiene;Banheira
8.01.182.02.10;Banheira de Bebê Dobrável Portátil até 35 Litros com Suporte e Almofada de Banho Cinza - Mollie Baby;319.9;545;Banho e Higiene;Banheira
8.01.04.01.10;Banheira de Bebê Fold Up Branca e Cinza - Cosco;119.9;3;Banho e Higiene;Banheira
8.07.23.32.06;Banheira de Bebê Fontana Duo Infanti - Branco;629.1;5;Banho e Higiene;Banheira
8.01.71.06.07;Banheira de Bebê Pequena e Dobrável 35L 2 em 1 Azul Marinho – Baby Pil;199.9;1;Banho e Higiene;Banheira
8.01.74.14.07;Banheira de Bebê Shower Azul - Kiddo;375.9;3;Banho e Higiene;Banheira
8.01.74.11.10;Banheira de Bebê Shower Cinza - Kiddo;375.9;4;Banho e Higiene;Banheira
8.01.74.09.10;Banheira de Bebê Shower Grafite - Kiddo;375.9;2;Banho e Higiene;Banheira
8.01.74.10.18;Banheira de Bebê Shower Rosa - Kiddo;375.9;3;Banho e Higiene;Banheira
8.01.74.12.07;Banheira de Bebê Slim Plus Azul - Kiddo;429.9;1;Banho e Higiene;Banheira
8.01.74.05.10;Banheira de Bebê Slim Plus Cinza - Kiddo;429.9;3;Banho e Higiene;Banheira
8.01.74.06.18;Banheira de Bebê Slim Plus Rosa - Kiddo;429.9;2;Banho e Higiene;Banheira
8.01.70.13.18;Banheira de Bebê Smart Dobrável Rosa - Clingo;239.9;3;Banho e Higiene;Banheira
8.01.01.14.11;Banheira de Bebê Smile Aqua Green - Safety 1st;319.9;30;Banho e Higiene;Banheira
8.01.01.12.24;Banheira de Bebê Smile com Suporte Aqua Green - Safety 1st;679.9;3;Banho e Higiene;Banheira
8.01.01.11.27;Banheira de Bebê Smile com Suporte Grey - Safety 1st;799.9;2;Banho e Higiene;Banheira
8.01.01.16.18;Banheira de Bebê Smile com Suporte Pink - Safety 1st;679.9;1;Banho e Higiene;Banheira
8.01.01.13.10;Banheira de Bebê Smile Grey - Safety 1st;389.9;27;Banho e Higiene;Banheira
8.01.01.15.18;Banheira de Bebê Smile Pink - Safety 1st;319.9;8;Banho e Higiene;Banheira
8.01.03.03.06;Banheira de Bebê Whippy Branca - Cosco;269.9;3;Banho e Higiene;Banheira
8.01.71.19.07;Banheira Extra Grande 280 Litros Azul - Baby Pil;1049.9;11;Banho e Higiene;Banheira
8.01.71.07.18;Banheira Extra Grande 280 Litros Rosa - Baby Pil;1049.9;7;Banho e Higiene;Banheira
8.01.57.05.18;Banheira Infantil Dobrável Rosa - Buba;219.9;2;Banho e Higiene;Banheira
8.02.84.01.01;Base Fix para Bebê Conforto Artio Satin Black 13kg - GB;929.9;3;Passeio;Base para Bebê Conforto
8.03.74.14.01;Base para Bebê Conforto com Isofix Yuba Preto - Kiddo;699.9;2;Passeio;Base para Bebê Conforto
8.02.23.03.01;Base para Bebê Conforto Zion Preto - Infanti;0.0;8;Passeio;Base para Bebê Conforto
8.03.28.20.01;Base Veicular para Bebê Conforto Cocoon Preta - Galzerano;179.9;1;Passeio;Base para Bebê Conforto
8.03.76.07.01;Base Veicular para Bebê Conforto I-Base Isofix I-Snug Preto - Joie;344.9;21;Passeio;Base para Bebê Conforto
8.02.23.01.00;Base Veicular Terni Isofix Cor Única - Infanti;0.0;1;Passeio;Base para Bebê Conforto
8.30.170.10.76;Bateria Musical Infantil Marrom - Hape;302.9;1;Brinquedo e Diversão;Brinquedos
8.03.03.15.10;Bebê Conforto Beta Cinza Mescla - Voyage;359.9;3;Passeio;Bebê Conforto
8.03.03.18.18;Bebê Conforto Beta Rosa Mescla - Voyage;339.9;1;Passeio;Bebê Conforto
8.07.54.09.01;Bebê Conforto Black - Tutti Baby;339.9;1;Passeio;Bebê Conforto
8.03.28.29.01;Bebê Conforto Grid 0 a 13kg Black - Galzerano;349.9;1;Passeio;Bebê Conforto
8.03.76.06.01;Bebê Conforto I-snug 0 a 13kg Preto Chumbo Shale - Joie;959.9;3;Passeio;Bebê Conforto
8.03.04.52.08;Bebê Conforto Reverse 0 a 13 Kg Vermelho - Cosco;429.9;3;Passeio;Bebê Conforto
8.03.04.60.07;Bebê Conforto Wizz Azul - Cosco;389.9;2;Passeio;Bebê Conforto
8.03.04.62.10;Bebê Conforto Wizz Cinza Mescla - Cosco;389.9;2;Passeio;Bebê Conforto
8.03.04.59.01;Bebê Conforto Wizz Preto - Cosco;389.9;3;Passeio;Bebê Conforto
8.03.74.15.01;Bebê Conforto Yuba com Base Isofix Preto - Kiddo;0.0;2;Bebê Conforto;Bebê Conforto
8.03.74.13.01;Bebê Conforto Yuba Preto - Kiddo;1349.9;2;Bebê Conforto;Bebê Conforto
8.24.92.75.00;Bento Box Spark Style Arco-Íris - Skip Hop;369.9;1;Gravidicas;Gravidicas
8.24.92.76.00;Bento Box Spark Style Espaço - Skip Hop;239.9;1;Bolsas e Mochilas;Mochila Infantil
8.24.92.77.00;Bento Box Spark Style Morango - Skip Hop;309.9;2;Bolsas e Mochilas;Mochila Infantil
8.04.01.01.01;Berço Compacto Mini Play Black - Safety 1st;641.39;3;Quarto;Berços Portáteis
8.04.01.14.01;Berço Compacto Mini Play Grey Denim - Safety 1st;519.9;84;Quarto;Berço
8.04.01.07.50;Berço Compacto Mini Play Pop Bege - Safety 1st;589.9;1;Quarto;Berço
8.04.02.07.106;Berço Portátil Co-bed Iora Air Beyond Graphite - Maxi-Cosi;0.0;12;Quarto;Berço
8.04.03.21.10;Berço Portátil Co-bed Link Cinza Mescla - Voyage;749.9;28;Quarto;Berço
8.04.01.16.10;Berço Portátil Co-Bed Palace Grey - Safety 1st;0.0;4;Berço para quarto;Berços Portáteis
8.04.04.11.10;Berço Portátil Co-bed Pluggy Cinza Claro - Cosco;859.9;20;Quarto;Berço
8.04.04.10.10;Berço Portátil Co-bed Pluggy Cinza Escuro - Cosco;849.9;4;Quarto;Berço
8.04.04.19.07;Berço Portátil Cozzy Azul Pastel - Cosco Kids;575.99;3;Berço para quarto;Berços Portáteis
8.04.04.18.10;Berço Portátil Cozzy Cinza Lápis - Cosco Kids;575.99;3;Berço para quarto;Berços Portáteis
8.04.04.20.18;Berço Portátil Cozzy Rosa Pastel - Cosco Kids;575.99;2;Berço para quarto;Berços Portáteis
8.04.23.17.10;Berço Portátil Donatello co-bed Cinza Grafite - Infanti;0.0;2;Berço para quarto;Berços Portáteis
8.04.03.20.18;Berço Portátil Fit Rosa Geo - Voyage;459.9;14;Quarto;Berço
8.04.04.05.07;Berço Portátil Happy Azul - Cosco;719.9;1;Quarto;Berço
8.04.04.04.10;Berço Portátil Happy Cinza - Cosco;719.9;2;Quarto;Berço
8.04.04.21.01;Berço Portátil Happy Preto Mescla - Cosco Kids;773.99;2;Berço para quarto;Berços Portáteis
8.04.04.06.18;Berço Portátil Happy Rosa - Cosco;639.9;3;Quarto;Berço
8.04.04.17.01;Berço Portátil Nanny Preto Mescla - Cosco;599.9;3;Berço para quarto;Berço
8.04.04.15.18;Berço Portátil Nanny Rosa Rajado - Cosco;699.9;3;Quarto;Berço
8.04.01.11.27;Berço Portátil Side by Side Gray - Safety 1st;1209.9;3;Quarto;Berço
8.04.03.25.18;Berço Portátil Sleep Rosa - Voyage;449.9;1;Quarto;Berço
8.04.23.04.27;Berço Portátil Stelle Grey Light - Infanti;0.0;6;Quarto;Berço
8.04.61.01.10;Berço Techno Bluetooth Balanço com Timer e Música Cinza Escuro - Mastela;1569.9;4;Quarto;Berço
8.30.57.28.69;Bichinho Mola Zoo Dino - Buba;79.9;2;Brinquedo e Diversão;Brinquedos
8.30.57.29.69;Bichinho Mola Zoo Elefante - Buba;79.9;1;Brinquedo e Diversão;Brinquedos
8.30.57.30.69;Bichinho Mola Zoo Leão - Buba;79.9;1;Brinquedo e Diversão;Brinquedos
8.30.57.31.69;Bichinho Mola Zoo Panda - Buba;69.9;2;Brinquedo e Diversão;Brinquedos
8.30.57.32.69;Bichinho Mola Zoo Unicórnio - Buba;79.9;2;Brinquedo e Diversão;Brinquedos
8.30.57.54.69;Bichinhos Para Banho Dino Card - Buba;29.9;1;Brinquedo e Diversão;Brinquedos Diversos
8.30.57.26.69;Bichinhos Para Banho Dino Tubo 4 Unidades Coloridos - Buba;39.9;2;Brinquedo e Diversão;Brinquedos
6.28.60.13.08;Bicicleta com Rodinhas Aro 12 Motor X PU 3 anos até 21kg Vermelho e Amarelo - Nathor;271.92;1;Bicicletas;Infantil
8.30.57.59.07;Bicicleta de Equilíbrio Infantil com Som Azul - Buba;189.9;3;Brinquedo e Diversão;Brinquedos
8.24.53.25.00;Bico de Mamadeira Step Up Fluxo Médio (2M+) 1 Unidade - Chicco;19.9;3;Alimentação;Acessórios de Alimentação
8.24.53.22.00;Bico Perfect 5 Fl Médio (2M+) Chicco 2 Unidades;16.9;18;Alimentação;Acessórios de Alimentação
8.25.142.12.69;Boia Auxiliar Infantil Até 2 anos Candy - Sea Float;19.9;3;Travas e Protetores;Travas e Protetores
8.25.142.19.18;Boia Auxiliar Infantil Até 2 anos Fundo do Mar - Sea Float;19.9;1;Travas e Protetores;Travas e Protetores
8.25.142.16.01;Boia Auxiliar Infantil Até 2 anos Giraffe - Sea Float;19.9;1;Travas e Protetores;Travas e Protetores
8.25.142.17.16;Boia Auxiliar Infantil Até 2 anos I'm Special - Sea Float;19.9;1;Travas e Protetores;Travas e Protetores
8.25.142.21.69;Boia Auxiliar Infantil Até 2 anos Space Dino - Sea Float;19.9;3;Travas e Protetores;Travas e Protetores
8.25.142.20.18;Boia Auxiliar Infantil Até 2 anos Unicórnio - Sea Float;19.9;1;Travas e Protetores;Travas e Protetores
8.25.142.08.69;Boia Colete Infantil 25 a 35 kg Candy - Sea Float;109.9;1;Travas e Protetores;Travas e Protetores
8.25.142.04.69;Boia Colete Infantil 25 a 35 kg Coração - Sea Float;109.9;1;Travas e Protetores;Travas e Protetores
8.25.142.03.69;Boia Colete Infantil 25 a 35 kg Flamingo - Sea Float;109.9;4;Travas e Protetores;Travas e Protetores
8.25.142.02.69;Boia Colete Infantil 25 a 35 kg Fundo do Mar - Sea Float;109.9;4;Travas e Protetores;Travas e Protetores
8.25.142.07.69;Boia Colete Infantil 25 a 35 kg Girafe - Sea Float;109.9;2;Travas e Protetores;Travas e Protetores
8.25.142.06.69;Boia Colete Infantil 25 a 35 kg I'm Special - Sea Float;109.9;4;Travas e Protetores;Travas e Protetores
8.25.142.09.69;Boia Colete Infantil 25 a 35 kg Space Dino - Sea Float;109.9;4;Travas e Protetores;Travas e Protetores
8.25.142.05.69;Boia Colete Infantil 25 a 35 kg Unicórnio - Sea Float;109.9;4;Travas e Protetores;Travas e Protetores
8.30.57.64.69;Bola De Atividades Formas e Encaixe - Buba;69.9;3;Brinquedo e Diversão;Brinquedos
8.11.30.01.01;Bolsa Changing Bag Zapp X Black - Quinny;459.9;2;Bolsas e Mochilas;Bolsas e Mochilas
8.11.160.17.07;Bolsa de Passeio Astronauta - MaiT;249.9;2;Bolsas e Mochilas;Bolsas e Mochilas
8.11.01.04.01;Bolsa Organizadora Buddy Reserva Black - Safety 1st;0.0;5;Bolsas e Mochilas;Bolsas e Mochilas
8.09.01.59.01;Bolsa Organizadora Grey - Safety 1st;89.9;3;Passeio;Acessórios para Passeio
8.11.47.12.47;Bolsa Para Carrinho Sempre-Seco 2 em 1 Cinza e Preto - KaBaby;69.9;2;Bolsas e Mochilas;Bolsas e Mochilas
8.25.86.02.00;Bomba Tira Leite 2 em 1 Extração Dupla Mam;1109.9;4;Alimentação;Acessórios de Alimentação
8.24.169.02.11;Bomba Tira Leite Dupla Elétrica Nessa - Kikka Boo;559.9;1;Alimentação;Acessórios de Alimentação
8.24.169.01.11;Bomba Tira Leite Elétrica Leia Plus - Kikka Boo;359.9;3;Alimentação;Acessórios de Alimentação
8.24.53.02.00;Bomba Tira Leite Manual Step Up - Chicco;59.9;6;Alimentação;Acessórios de Alimentação
8.30.148.44.16;Boneca Angela Chocolate - Metoo;119.9;1;Brinquedo e Diversão;Brinquedos
8.30.148.72.10;Boneca Angela Zoo Koala - Metoo;119.9;1;Brinquedo e Diversão;Brinquedos
8.30.148.51.18;Boneca Jimbao Verão Flamingo - Metoo;129.9;1;Brinquedo e Diversão;Brinquedos
8.30.148.19.00;Boneca Mini Jimbao Arco-Íris - Metoo;119.9;1;Brinquedo e Diversão;Brinquedos
8.30.148.18.00;Boneca Mini Jimbao Cerejinha - Metoo;119.9;1;Brinquedo e Diversão;Brinquedos
8.30.170.08.07;Bongo Musical Infantil Azul - Hape;309.9;1;Brinquedo e Diversão;Brinquedos
8.24.23.52.07;Bowl de Silicone Piccolo Ursinho Azul - Infanti;39.9;2;Alimentação;Acessórios de Alimentação
8.24.23.55.57;Bowl de Silicone Piccolo Ursinho Terracota - Infanti;29.9;1;Alimentação;Acessórios de Alimentação
8.24.23.53.11;Bowl de Silicone Piccolo Ursinho Verde - Infanti;39.9;3;Alimentação;Acessórios de Alimentação
8.30.33.50.00;Brinquedo Chocalho Panda Black & White - Tiny Love;69.9;3;Brinquedo e Diversão;Brinquedos
8.30.33.58.69;Brinquedo de Empilhar 3 em 1 Eletrônico Panda Tiny Rockers - Tiny Love;0.0;4;Brinquedo e Diversão;Brinquedos Diversos
8.30.33.61.69;Brinquedo Educativo de Encaixe Tiny Rockers - Tiny Love;169.9;5;Brinquedo e Diversão;Brinquedos
8.30.57.63.11;Brinquedo Jacaré Bate-Martelo Com Bolinhas - Buba;169.9;3;Brinquedo e Diversão;Brinquedos
8.30.33.17.00;Brinquedo Jitter Jumpy Thomas - Tiny Love;59.9;12;Brinquedo e Diversão;Brinquedos
8.30.33.48.69;Brinquedo Musical Bicho-Preguiça Boho Chic - Tiny Love;89.9;3;Brinquedo e Diversão;Brinquedos
8.30.57.65.69;Brinquedo Para Banho Com Ventosa Amigos Marinhos - Buba;99.9;1;Brinquedo e Diversão;Brinquedos
8.30.96.01.00;Brinquedo Submarino Discovery Musical Toy - Baby Einstein;159.9;4;Brinquedo e Diversão;Brinquedos
8.30.33.20.00;Brinquedo Wind Chime Christopher - Tiny Love;39.9;5;Brinquedo e Diversão;Brinquedos
8.25.57.99.00;Buzininha Com Mordedor Buba Zoo Dino - Buba;39.9;1;Brinquedo e Diversão;Mordedores
8.25.57.100.00;Buzininha Com Mordedor Buba Zoo Elefante - Buba;39.9;2;Brinquedo e Diversão;Mordedores
8.25.57.101.00;Buzininha Com Mordedor Buba Zoo Leão - Buba;39.9;1;Brinquedo e Diversão;Mordedores
8.25.57.102.00;Buzininha Com Mordedor Buba Zoo Panda - Buba;39.9;2;Brinquedo e Diversão;Mordedores
8.06.103.02.16;Cadeira de Alimentação Belle Compacta e Dobrável Amarela - Premium Baby;669.9;1;Alimentação;Cadeira de Refeição
8.06.04.11.16;Cadeira de Alimentação Convertty 8 em 1 Amarela - Cosco;869.9;2;Alimentação;Cadeira de Refeição
8.06.04.12.10;Cadeira de Alimentação Convertty 8 em 1 Cinza - Cosco;869.9;8;Alimentação;Cadeira de Refeição
8.06.04.07.06;Cadeira de Alimentação Cook Branco - Cosco;319.9;5;Alimentação;Cadeira de Refeição
8.06.04.08.10;Cadeira de Alimentação Cook Cinza - Cosco;319.9;5;Alimentação;Cadeira de Refeição
8.06.04.25.01;Cadeira de Alimentação Cook Preto - Cosco;339.9;2;Alimentação;Cadeira de Refeição
8.06.01.07.01;Cadeira de Alimentação Dobrável Mellow Black - Safety 1st;869.9;2;Alimentação;Cadeira de Refeição
8.06.01.08.11;Cadeira de Alimentação Dobrável Mellow Grey - Safety 1st;869.9;3;Alimentação;Cadeira de Refeição
8.06.103.06.57;Cadeira de Alimentação Executive 5 em 1 Bege - Premium Baby;699.0;4;Alimentação;Cadeira de Refeição
8.06.103.07.10;Cadeira de Alimentação Executive 5 em 1 Cinza - Premium Baby;699.0;7;Alimentação;Cadeira de Refeição
8.06.103.08.18;Cadeira de Alimentação Executive 5 em 1 Rose - Premium Baby;899.1;5;Alimentação;Cadeira de Refeição
8.06.01.16.07;Cadeira de Alimentação Feed Blue Sky - Safety 1st;769.9;2;Alimentação;Cadeira de Refeição
8.06.01.06.18;Cadeira de Alimentação Feed Pink Sky - Safety 1st;749.9;2;Alimentação;Cadeira de Refeição
8.06.04.22.10;Cadeira de Alimentação Frutty Cinza - Cosco;529.9;1;Alimentação;Cadeira de Refeição
8.06.01.02.11;Cadeira de Alimentação Jelly Green - Safety 1st;929.9;3;Alimentação;Cadeira de Refeição
8.06.02.01.80;Cadeira de Alimentação Minla Essential Graphite - Maxi-Cosi;0.0;19;Alimentação;Cadeira de Refeição
8.06.03.13.18;Cadeira de Alimentação Portátil Cake Rosa - Voyage;159.9;2;Alimentação;Cadeira de Refeição
8.06.74.04.07;Cadeira de Alimentação Portátil Candy Azul - Kiddo;289.9;1;Alimentação;Cadeira de Refeição
8.06.74.05.18;Cadeira de Alimentação Portátil Candy Rosa - Kiddo;289.9;1;Alimentação;Cadeira de Refeição
8.06.23.10.01;Cadeira de Alimentação Portátil e Ultracompacta Toast Black Lush - Infanti;0.0;1;Alimentação;Cadeira de Refeição
8.06.23.11.11;Cadeira de Alimentação Portátil e Ultracompacta Toast Green Lush - Infanti;0.0;1;Alimentação;Cadeira de Refeição
8.06.04.05.57;Cadeira de Alimentação Portátil Pop Bege - Cosco;259.9;5;Alimentação;Cadeira de Refeição
8.06.04.10.10;Cadeira de Alimentação Portátil Pop Cinza - Cosco;249.9;62;Alimentação;Cadeira de Refeição
8.06.04.03.07;Cadeira de Alimentação Portátil Smart Azul - Cosco;183.9;2;Alimentação;Cadeira de Refeição
8.06.04.06.10;Cadeira de Alimentação Portátil Smart Cinza - Cosco;183.9;35;Alimentação;Cadeira de Refeição
8.06.04.09.06;Cadeira de Alimentação Portátil Smart Gelo - Cosco;183.9;31;Alimentação;Cadeira de Refeição
8.06.04.04.18;Cadeira de Alimentação Portátil Smart Rosa - Cosco;183.9;3;Alimentação;Cadeira de Refeição
8.05.04.07.07;Cadeira de Balanço Bouncer Zeen Azul - Cosco;189.9;2;Quarto;Cadeira de Descanso
8.05.62.01.07;Cadeira de Descanso Até 11 Kg Azul - Clean Weeler;209.9;1;Quarto;Cadeira de Descanso
8.04.77.02.10;Cadeira de Descanso Bouncer Eternity Cinza Mescla e Branco - Singular Baby;629.9;3;Quarto;Cadeira de Descanso
8.05.02.05.80;Cadeira de Descanso Bouncer Kori Essential Graphite - Maxi-Cosi;0.0;2;Quarto;Cadeira de Descanso
8.05.03.01.07;Cadeira de Descanso Bouncer Relax Azul Solar - Voyage;209.9;2;Quarto;Cadeira de Descanso
8.05.02.10.10;Cadeira de Descanso Bouncer Swing Cassia Beyond Graphite - Maxi-Cosi;0.0;6;Quarto;Cadeira de Descanso
8.05.02.14.12;Cadeira de Descanso Bouncer Swing Cassia Classic Oat - Maxi-Cosi;0.0;1;Quarto;Cadeira de Descanso
8.05.61.07.18;Cadeira de Descanso Carnaval Até 9 kg Rosa Girafa - Mastela;259.9;2;Quarto;Cadeira de Descanso
8.05.61.28.10;Cadeira de Descanso com Balanço e Moisés 360° 4 Em 1 Macaquinho - Mastela;699.9;15;Quarto;Cadeira de Descanso
8.05.61.27.10;Cadeira de Descanso com Balanço e Moisés 360° 4 Em 1 Ursinho - Mastela;709.9;1;Quarto;Cadeira de Descanso
8.05.61.09.117;Cadeira de Descanso Compact Mastela Até 18Kg Cinza e Verde;369.9;1;Quarto;Cadeira de Descanso
8.05.70.03.07;Cadeira de Descanso e Moisés com Balanço Aconchego Azul - Clingo;519.9;2;Quarto;Cadeira de Descanso
8.05.61.08.07;Cadeira de Descanso Sinfonia Mastela Até 11,5Kg Azul Girafa;279.9;2;Quarto;Cadeira de Descanso
8.05.61.11.10;Cadeira de Descanso Techno Light Até 18 Kg Cinza Fit - Mastela;719.9;2;Quarto;Cadeira de Descanso
8.05.57.02.11;Cadeira de Descanso Vibratória Selvinha - Buba;599.9;1;Quarto;Cadeira de Descanso
21.14.50.118.00;Cadeira Eames Infantil Azul Claro Base Em Madeira - Empório Tiffany;97.9;163;Móveis;Cadeira
21.14.50.122.00;Cadeira Eames Infantil Preta Base Em Madeira - Empório Tiffany;97.9;110;Móveis;Cadeira
21.14.50.1355.07;Cadeira Infantil Tiffany Azul;0.0;5;GRUPO DE PRODUTOS;SUB-GRUPO DE PRODUTOS
8.06.03.16.07;Cadeirinha de Alimentação Macaron Azul - Voyage;279.9;1;Alimentação;Cadeira de Refeição
8.06.03.18.01;Cadeirinha de Alimentação Macaron Preto - Voyage;289.9;3;Alimentação;Cadeira de Refeição
8.06.03.17.18;Cadeirinha de Alimentação Macaron Rosa - Voyage;279.9;3;Alimentação;Cadeira de Refeição
8.06.76.01.06;Cadeirinha de Alimentação Mimzy Snacker Alphabet - Joie;549.9;1;Alimentação;Cadeira de Refeição
8.06.02.08.12;Cadeirinha de Alimentação Nesta Natural Wood - Maxi-Cosi;0.0;5;Alimentação;Cadeira de Refeição
8.06.23.14.06;Cadeirinha de Alimentação Panacota Branco Bronze - Infanti;0.0;3;Alimentação;Cadeira de Refeição
8.07.74.02.10;Cadeirinha de Carro Active com ISOFIX Cinza e Preto - Kiddo;845.9;1;Passeio;Cadeira para Carro
8.07.03.11.01;Cadeirinha de Carro Alfa 9 a 36kg Preto - Voyage;489.9;3;Passeio;Cadeira para Carro
8.07.03.12.58;Cadeirinha de Carro Alfa 9 a 36kg Preto e Vermelho - Voyage;489.9;3;Passeio;Cadeira para Carro
8.07.04.52.01;Cadeirinha de Carro Evolutty 360° X 0 a 36kg com Isofix Preta - Cosco;1239.9;2;Passeio;Cadeira para Carro
8.07.23.16.10;Cadeirinha de Carro Holiday FX com Isofix 0 a 36kg Grey Brave - Infanti;939.9;5;Passeio;Cadeira para Carro
8.07.02.46.01;Cadeirinha de Carro Jasper com Isofix 0 a 36 kg Authentic Black - Maxi-Cosi;0.0;4;Passeio;Cadeira para Carro
8.07.03.20.47;Cadeirinha de Carro Legacy 0 a 36 kg Preta e Cinza - Voyage;959.9;2;Passeio;Cadeira para Carro
8.07.03.16.01;Cadeirinha de Carro Legacy 0 a 36 kg Preto - Voyage;819.9;3;Passeio;Cadeira para Carro
8.07.74.05.07;Cadeirinha de Carro Mars Isofix 9 à 36kg Azul Marinho - Kiddo;1069.9;1;Passeio;Cadeira para Carro
8.07.01.32.01;Cadeirinha de Carro Multifix com Isofix 0 a 36 kg Black Urban - Safety 1st;1379.9;17;Passeio;Cadeira para Carro
8.07.01.31.27;Cadeirinha de Carro Multifix com Isofix 0 a 36 kg Grey Urban - Safety 1st;1359.9;3;Passeio;Cadeira para Carro
8.07.23.22.10;Cadeirinha de Carro Mundi Isofix 360º Cinza - Infanti;0.0;3;Passeio;Cadeira para Carro
8.07.23.21.01;Cadeirinha de Carro Mundi Isofix 360º Preto - Infanti;0.0;3;Passeio;Cadeira para Carro
8.07.23.23.01;Cadeirinha de Carro Nonna Isofix 360º Preto Noturno - Infanti;0.0;12;Cadeirinha de Auto;Cadeirinha de Auto
8.07.04.39.10;Cadeirinha de Carro Progress 0 a 36kg Cinza Mescla - Cosco;859.9;8;Passeio;Cadeira para Carro
8.07.04.40.01;Cadeirinha de Carro Progress 0 a 36kg Preto - Cosco;794.0;10;Passeio;Cadeira para Carro
8.07.04.55.01;Cadeirinha de Carro Progress 0 a 36kg Preto Bronze - Cosco;859.9;3;Passeio;Cadeira para Carro
8.07.23.20.10;Cadeirinha de Carro Ravenna 0 a 36kg  Cinza - Infanti;849.9;11;Passeio;Cadeira para Carro
8.07.23.19.01;Cadeirinha de Carro Ravenna 0 a 36kg  Preto - Infanti;899.9;14;Passeio;Cadeira para Carro
8.03.02.47.01;Cadeirinha de Carro Spinel 360º 0 a 36 kg Authentic Black - Maxi-Cosi;0.0;10;Passeio;Cadeira para Carro
8.07.02.47.80;Cadeirinha de Carro Spinel 360º 0 a 36 Kg Authentic Graphite - Maxi-Cosi;0.0;1;Passeio;Cadeira para Carro
8.07.76.10.01;Cadeirinha de Carro Stages 0 a 25 kg Coal Preto - Joie;0.0;6;Passeio;Cadeira para Carro
8.07.04.44.01;Cadeirinha de Carro Tour 9 a 36 kg Preta - Cosco;509.9;1;Passeio;Cadeira para Carro
8.07.04.41.01;Cadeirinha de Carro Unique 0 a 36kg Preto Ouro - Cosco;1119.9;14;Passeio;Cadeira para Carro
8.07.04.36.01;Cadeirinha de Carro Unique 0 a 36kg Preto Sport - Cosco;1119.9;1;Passeio;Cadeira para Carro
8.07.23.05.27;Cadeirinha de Carro Vita 0 a 36kg Grey Fuzz - Infanti;889.9;1;Passeio;Cadeira para Carro
8.07.103.09.01;Cadeirinha para Carro Comfort Grow Black - Premium Baby;629.1;2;Passeio;Cadeira para Auto
8.07.84.02.10;Cadeirinha para Carro Everna-fix 9 a 36kg London Grey - GB;3099.9;2;Passeio;Cadeira para Carro
8.07.84.05.01;Cadeirinha para Carro Everna-fix 9 a 36kg Velvet Black - GB;3359.9;2;Passeio;Cadeira para Carro
8.07.76.18.10;Cadeirinha para Carro I-Spin XL 360 Cinza Carbon - Joie;0.0;11;Passeio;Cadeira para Carro
8.07.76.12.01;Cadeirinha para Carro I-Spin XL 360 Preto Eclipse - Joie;0.0;7;Passeio;Cadeira para Carro
8.07.01.01.01;Cadeirinha para Carro Multifix Reserva 0 a 36kg Black - Safety1st;0.0;3;Passeio;Cadeira para Carro
8.07.103.04.01;Cadeirinha para Carro Murphy Lux 360º Preta e Cinza - Premium Baby;1109.9;2;Passeio;Cadeira para Carro
8.07.04.02.01;Cadeirinha para Carro Tour 9 a 36 kg Preto Bronze - Cosco Kids;509.9;5;Passeio;Cadeira para Carro
8.07.04.03.07;Cadeirinha para Carro Tour 9 a 36 kg Preto e Azul - Cosco;509.9;1;Passeio;Cadeira para Carro
8.07.04.04.18;Cadeirinha para Carro Tour 9 a 36 kg Preto e Rosa - Cosco;499.9;2;Passeio;Cadeira para Carro
8.07.84.04.10;Cadeirinha para Carro Uni-All 0 a 36kg London Grey - GB;3959.9;2;Passeio;Cadeira para Carro
8.07.84.01.01;Cadeirinha para Carro Uni-All 0 a 36kg Velvet Black - GB;3959.9;2;Passeio;Cadeira para Carro
8.03.74.08.01;Cadeirinha para Carro Universe 360º Preto Kiddo;1399.9;2;Passeio;Cadeira para Carro
8.30.170.04.06;Caixa Musical Infantil Giratória Branco - Hape;209.9;1;Brinquedo e Diversão;Brinquedos
8.04.71.04.07;Cama Primeiro Sono Até 8Kg Azul - Baby Pil;99.9;2;Casa;Decoração
8.04.71.03.10;Cama Primeiro Sono Até 8Kg Cinza - Baby Pil;99.9;4;Casa;Decoração
8.04.71.05.18;Cama Primeiro Sono Até 8Kg Rosa - Baby Pil;99.9;4;Casa;Decoração
8.25.70.23.00;Camada Protetora Respirável para Colchão Safe Baby - Clingo;129.9;4;Quarto;Quarto
8.24.47.33.07;Caneca Porta Lanches Azul - KaBaby;69.9;1;Alimentação;Acessórios de Alimentação
8.24.47.34.18;Caneca Porta Lanches Rosa - KaBaby;69.9;2;Alimentação;Acessórios de Alimentação
8.08.98.10.18;Canguru 5 Em 1 Ergonômico Marsala (Antigo Rosa Escuro) 15Kg - Ibimboo;239.9;4;Passeio;Canguru
8.08.98.07.01;Canguru Básico Avançado 5 Em 1 Black 15Kg - Ibimboo;179.9;4;Passeio;Canguru
8.08.98.09.10;Canguru Básico Avançado 5 Em 1 Dark Grey 15Kg - Ibimboo;189.9;5;Passeio;Canguru
8.08.98.08.07;Canguru Básico Avançado 5 Em 1 Navy Blue 15Kg - Ibimboo;189.9;5;Passeio;Canguru
8.08.98.01.07;Canguru Infantil 3 em 1 até 12 kg Azul - Ibimboo;169.9;6;Passeio;Canguru
8.08.98.06.08;Canguru Infantil 3 Em 1 Até 12Kg Vermelho Marsala - Ibimboo;169.9;4;Passeio;Canguru
8.08.01.25.27;Canguru Infantil Freedom Até 18 kg Grey - Safety 1st;299.9;34;Passeio;Canguru
8.08.74.01.10;Canguru Muuv Melange Grafite Kiddo;245.9;1;Passeio;Canguru
8.08.74.02.01;Canguru Muuv Melange Preto Kiddo;245.9;2;Passeio;Canguru
8.08.23.01.01;Canguru para Bebê I Love Travel Black - Infanti;0.0;2;Passeio;Canguru
8.08.47.19.08;Canguru Wrap Sling Vermelho - Kababy;99.9;1;Passeio;Canguru
8.24.57.71.03;Canudo + Escova Para Canudo - Buba;9.9;5;Alimentação;Acessórios de Alimentação
8.25.75.10.00;Capa Para Bebê Conforto Clássico Estampada Listrada - D´Bella for Baby;179.9;2;Passeio;Acessórios para Passeio
8.25.75.09.10;Capa Para Bebê Conforto Clássico Estampada Poá Cinza - D´Bella for Baby;169.9;6;Passeio;Acessórios para Passeio
8.25.75.11.18;Capa Para Bebê Conforto Clássico Estampada Rosas Poá - D´Bella for Baby;179.9;1;Passeio;Acessórios para Passeio
8.25.75.08.00;Capa Para Bebê Conforto Clássico Lisa Branco Ovelhinhas - D´Bella for Baby;179.9;6;Passeio;Acessórios para Passeio
8.25.75.07.00;Capa Para Bebê Conforto Clássico Lisa Rosa Flores - D´Bella for Baby;179.9;6;Passeio;Acessórios para Passeio
8.25.47.47.71;Capa Protetora 2 em 1 KaBaby Branco e Preto;79.9;2;Passeio;Acessórios para Passeio
8.25.75.12.00;Capa Protetora Lisa Slim Para Carrinho Universal Flores - D´Bella for Baby;159.9;1;Passeio;Acessórios para Passeio
8.25.75.13.00;Capa Protetora Lisa Slim Para Carrinho Universal Ovelhinhas - D´Bella for Baby;189.9;1;Passeio;Acessórios para Passeio
8.25.75.107.07;Capa Protetora Para Bebê Conforto Algodão Clássico Aviões - D´Bella for Baby;179.9;4;Passeio;Acessório para Passeio
8.25.75.108.06;Capa Protetora Para Bebê Conforto Algodão Clássico Lese Branco - D´Bella for Baby;179.9;3;Passeio;Acessório para Passeio
8.25.75.112.06;Capa Protetora Para Bebê Conforto Colorido Laço - D´Bella for Baby;179.9;4;Passeio;Acessório para Passeio
8.25.75.43.10;Capa Protetora para Bebê Conforto Lycra Cinza - D'Bella for Baby;199.9;5;Passeio;Acessórios para Passeio
8.25.75.42.00;Capa Protetora para Bebê Conforto Lycra Nude - D'Bella for Baby;199.9;6;Passeio;Acessórios para Passeio
8.25.75.03.01;Capa Protetora para Bebê Conforto Lycra Preta - D'Bella for Baby;189.9;8;Passeio;Acessórios para Passeio
8.25.75.48.10;Capa Protetora Para Cadeira de Carro Lycra Cinza - D´Bella For Baby;219.9;5;Passeio;Acessórios para Passeio
8.25.75.47.00;Capa Protetora Para Cadeira de Carro Lycra Nude - D´Bella For Baby;229.9;4;Passeio;Acessórios para Passeio
8.25.75.49.01;Capa Protetora Para Cadeira de Carro Lycra Preto - D´Bella For Baby;229.9;4;Passeio;Acessórios para Passeio
8.25.75.109.06;Capa Protetora Para Carrinho Slim Algodão Clássico Lese Branco - D´Bella for Baby;149.9;4;Passeio;Acessório para Passeio
8.25.75.113.06;Capa Protetora Para Carrinho Slim Colorido Laço - D´Bella for Baby;149.9;4;Passeio;Acessório para Passeio
8.25.75.45.10;Capa Protetora Para Carrinho Universal Slim Lycra Cinza - D´Bella for Baby;169.9;2;Passeio;Acessórios para Passeio
8.25.75.44.00;Capa Protetora Para Carrinho Universal Slim Lycra Nude - D´Bella for Baby;169.9;8;Passeio;Acessórios para Passeio
8.25.75.46.01;Capa Protetora Para Carrinho Universal Slim Lycra Preto - D´Bella for Baby;169.9;2;Passeio;Acessórios para Passeio
8.12.01.21.01;Capa Protetora Solar para Janela de Carro Black - Safety 1st;69.9;2;Travas e Protetores;Travas e Protetores
8.25.57.105.00;Capa Protetora Solar Para Janela Traseira - Buba;39.9;1;Passeio;Acessórios para Passeio
8.09.104.02.10;Capota para Carrinho de Bebê Spring Shadow Grey - Thule;569.9;1;Passeio;Acessórios para Passeio
8.09.23.81.01;Carrinho com Bebê Conforto e Base Isofix Travel System Trio Romanzo Preto Bronze - Infanti;0.0;2;Carrinho de Bebê;Carrinho Travel System
8.09.103.03.01;Carrinho com Bebê Conforto e Base Travel System Aston Gold e Black - Premium Baby;2219.0;5;Carrinho de Bebê;Carrinho Travel System
8.09.103.02.10;Carrinho com Bebê Conforto e Base Travel System Aston Silver e Black - Premium Baby;1899.0;6;Carrinho de Bebê;Carrinho Travel System
8.09.01.10.01;Carrinho com Bebê Conforto e Base Travel System Spark Plus Trio Isofix Black Graphite - Safety 1st;0.0;11;Carrinho de Bebê;Carrinho Travel System
8.09.01.11.10;Carrinho com Bebê Conforto e Base Travel System Spark Plus Trio Isofix Grey Frost - Safety 1st;0.0;5;Carrinho de Bebê;Carrinho Travel System
8.09.76.59.10;Carrinho com Bebê Conforto e Moisés Combo Aeria Trio Cinza Carbon - Joie;5279.12;4;Carrinho de Bebê;Carrinho Travel System
8.09.76.60.10;Carrinho com Bebê Conforto e Moisés Combo Aeria Trio Cinza Oyster - Joie;5279.12;6;Carrinho de Bebê;Carrinho Travel System
8.09.02.01.10;Carrinho com Bebê Conforto Travel System Anna Luxe Trio Twillic Grey - Maxi-Cosi;0.0;3;Carrinho de Bebê;Carrinho Travel System
8.09.03.93.01;Carrinho com Bebê Conforto Travel System Delta Duo Pro Preto - Voyage;1169.9;7;Carrinho de Bebê;Carrinho Travel System
8.09.01.85.01;Carrinho com Bebê Conforto Travel System Discover Trio Isofix Black Chrome - Safety 1st;3259.9;1;Carrinho de Bebê;Carrinho Travel System
8.09.01.86.10;Carrinho com Bebê Conforto Travel System Discover Trio Isofix Grey - Safety 1st;3079.9;15;Carrinho de Bebê;Carrinho Travel System
8.09.03.115.01;Carrinho com Bebê Conforto Travel System Duo Choice Preto - Voyage;1089.9;3;Carrinho de Bebê;Carrinho Travel System
8.09.23.43.27;Carrinho com Bebê Conforto Travel System Epic Lite Duo Grey Steel - Infanti;2319.9;1;Carrinho de Bebê;Carrinho Travel System
8.09.02.133.01;Carrinho com Bebê Conforto Travel System Eva³ Trio 0 a 15 Kg Essential Black - Maxi-Cosi;0.0;57;Carrinho de Bebê;Carrinho Travel System
8.09.02.134.01;Carrinho com Bebê Conforto Travel System Eva³ Trio 0 a 15 Kg Essential Black Champagne - Maxi-Cosi;0.0;44;Carrinho de Bebê;Carrinho Travel System
8.09.02.135.10;Carrinho com Bebê Conforto Travel System Eva³ Trio 0 a 15 Kg Select Grey - Maxi-Cosi;0.0;40;Carrinho de Bebê;Carrinho Travel System
8.09.02.129.10;Carrinho com Bebê Conforto Travel System Leona2 Trio Select Grey - Maxi-Cosi;0.0;4;Carrinho de Bebê;Carrinho Travel System
8.09.02.115.01;Carrinho com Bebê Conforto Travel System Leona² Trio Essential Black - Maxi-Cosi;0.0;2;Carrinho de Bebê;Carrinho Travel System
8.09.01.03.01;Carrinho com Bebê Conforto Travel System Magnific 5 em 1 Full Black - Safety 1st;0.0;18;Carrinho de Bebê;Carrinho Travel System
8.09.01.02.10;Carrinho com Bebê Conforto Travel System Magnific Trio Grey Denin - Safety 1st;0.0;3;Carrinho de Bebê;Carrinho Travel System
8.09.23.91.07;Carrinho com Bebê Conforto Travel System Magno Duo Azul Oceano - Infanti;1349.1;3;Carrinho de Bebê;Carrinho Travel System
8.09.23.90.01;Carrinho com Bebê Conforto Travel System Magno Duo Preto Infinito - Infanti;1349.1;2;Carrinho de Bebê;Carrinho Travel System
8.09.01.09.01;Carrinho com Bebê Conforto Travel System Mobi+ Reserva Isofix Black - Safety 1st;0.0;2;Carrinho de Bebê;Carrinho Travel System
8.09.04.71.68;Carrinho com Bebê Conforto Travel System Poppy Duo Cinza Mescla - Cosco;1949.9;3;Carrinho de Bebê;Carrinho Travel System
8.09.04.70.68;Carrinho com Bebê Conforto Travel System Poppy Duo Preto Mescla - Cosco;1919.9;2;Carrinho de Bebê;Carrinho Travel System
8.09.04.68.07;Carrinho com Bebê Conforto Travel System Reverse Azul Rajado - Cosco;1129.9;2;Carrinho de Bebê;Carrinho Travel System
8.09.04.67.10;Carrinho com Bebê Conforto Travel System Reverse Cinza Rajado - Cosco;1099.9;3;Carrinho de Bebê;Carrinho Travel System
8.09.04.135.01;Carrinho com Bebê Conforto Travel System Reverse Duo Preto Onda - Cosco;1039.9;2;Carrinho de Bebê;Carrinho Travel System
8.09.04.136.18;Carrinho com Bebê Conforto Travel System Reverse Duo Rosa Onda - Cosco Kids;1217.07;2;Carrinho de Bebê;Carrinho Travel System
8.09.04.127.01;Carrinho com Bebê Conforto Travel System Reverse Preto Bronze - Cosco;1129.9;6;Carrinho de Bebê;Carrinho Travel System
8.09.04.64.01;Carrinho com Bebê Conforto Travel System Reverse Preto Rajado - Cosco;1129.9;3;Carrinho de Bebê;Carrinho Travel System
8.09.04.106.18;Carrinho com Bebê Conforto Travel System Reverse Rosa Rajado - Cosco;1319.9;3;Carrinho de Bebê;Carrinho Travel System
8.09.04.130.57;Carrinho com Bebê Conforto Travel System Reverse TS DUO 0 a 15 Kg Bege Onda - Cosco Kids;1099.9;2;Carrinho de Bebê;Carrinho Travel System
8.09.23.74.01;Carrinho com Bebê Conforto Travel System Romanzo Duo Preto Bronze - Infanti;0.0;26;Carrinho de Bebê;Carrinho Travel System
8.09.01.13.01;Carrinho com Bebê Conforto Travel System Spark Plus Duo Black Graphite - Safety 1st;0.0;7;Carrinho de Bebê;Carrinho Travel System
8.09.01.14.10;Carrinho com Bebê Conforto Travel System Spark Plus Duo Grey Frost - Safety 1st;0.0;35;Carrinho de Bebê;Carrinho Travel System
8.09.01.96.35;Carrinho com Bebê Conforto Travel System Trio Mobi Black & White - Safety 1St;2539.9;4;Carrinho de Bebê;Carrinho Travel System
8.09.01.97.01;Carrinho com Bebê Conforto Travel System Trio Mobi Full Black - Safety 1St;2709.9;1;Carrinho de Bebê;Carrinho Travel System
8.09.01.101.27;Carrinho com Bebê Conforto Travel System Trio Mobi Grey Denim Silver - Safety 1St;2709.9;3;Carrinho de Bebê;Carrinho Travel System
8.09.01.36.58;Carrinho com Bebê Conforto Travel System Trio Mobi Grey Denim Silver - Safety 1St;3489.9;1;Carrinho de Bebê;Carrinho Travel System
8.09.01.103.27;Carrinho com Bebê Conforto Travel System Trio Mobi Grey Sport - Safety 1st;2709.9;1;Carrinho de Bebê;Carrinho Travel System
8.09.161.01.10;Carrinho de Bebê + Moisés Combo Demi Grow Cinza Threaded - Nuna;0.0;4;Carrinho de Bebê;Carrinho Travel System
8.09.74.21.01;Carrinho de Bebê 360º Savvy com Moisés Melange Preto - Kiddo;0.0;1;Carrinho de Bebê;Carrinho Travel System
8.09.76.03.10;Carrinho de Bebê Aeria Oyster - Joie;3499.0;1;Carrinho de Bebê;Carrinho de Bebê
8.09.02.104.10;Carrinho de Bebê Anna Luxe Twillic Grey - Maxi-Cosi;0.0;2;Carrinho de Bebê;Carrinho de Bebê
8.09.23.63.10;Carrinho de Bebê Breeze Cinza - Infanti;719.9;1;Carrinho de Bebê;Carrinho de Bebê
8.09.04.132.10;Carrinho de Bebê Bross Cinza Mescla - Cosco;579.9;3;Carrinho de Bebê;Carrinho de Bebê
8.09.04.131.01;Carrinho de Bebê Bross Preto Estrela - Cosco;579.9;3;Carrinho de Bebê;Carrinho de Bebê
8.09.01.05.01;Carrinho de Bebê Bytes Safety 1st - Full Black;879.9;1;Carrinho de Bebê;Carrinho de Bebê
8.09.02.97.01;Carrinho de Bebê com Bebê Conforto Travel System Anna³ Trio Essential Black - Maxi-Cosi;0.0;2;Carrinho de Bebê;Carrinho Travel System
8.09.02.102.27;Carrinho de Bebê com Bebê Conforto Travel System Anna³ Trio Sparkilng Grey- Maxi-Cosi;0.0;2;Carrinho de Bebê;Carrinho Travel System
8.09.76.51.11;Carrinho de Bebê Combo Parcel Verde Pine com Bebê Conforto e Base I-snug - Joie;0.0;3;Carrinho de Bebê;Carrinho Travel System
8.09.76.37.11;Carrinho de Bebê Combo Parcel Verde Pine com Bebê Conforto I-snug Shale Joie;3599.0;3;Carrinho de Bebê;Carrinho Travel System
8.09.84.07.01;Carrinho de Bebê Compacto Pockit+ All-City 6 meses a 15kg Velvet Black - GB;1619.9;2;Carrinho de Bebê;Carrinho de Bebê
8.09.74.10.10;Carrinho de Bebê Cosmos Melange Grafite - Kiddo;1939.9;2;Carrinho de Bebê;Carrinho Travel System
8.09.74.11.01;Carrinho de Bebê Cosmos Melange Preto - Kiddo;1939.9;2;Carrinho de Bebê;Carrinho Travel System
8.09.03.03.07;Carrinho de Bebê Delta Azul Mescla - Voyage;559.9;15;Carrinho de Bebê;Carrinho de Bebê
8.09.03.42.00;Carrinho de Bebê Delta Colorê - Voyage;599.9;4;Carrinho de Bebê;Carrinho de Bebê
8.09.03.77.01;Carrinho de Bebê Delta Preto - Voyage;529.9;64;Carrinho de Bebê;Carrinho de Bebê
8.09.01.78.01;Carrinho de Bebê Discover Black Chrome - Safety 1st;2259.9;1;Carrinho de Bebê;Carrinho de Bebê
8.09.39.01.57;Carrinho de Bebê Ecco Bege - Burigotto;769.9;2;Carrinho de Bebê;Carrinho de Bebê
8.09.39.23.01;Carrinho de Bebê Ecco com Bebê Conforto Touring X Petro Cobre - Burigotto;969.9;1;Carrinho de Bebê;Carrinho de Bebê
8.09.39.02.01;Carrinho de Bebê Ecco Preto - Burigotto;769.9;2;Carrinho de Bebê;Carrinho de Bebê
8.09.39.13.08;Carrinho de Bebê Ecco Vermelho - Burigotto;769.9;1;Carrinho de Bebê;Carrinho de Bebê
8.09.02.13.57;Carrinho de Bebê Eva3 Luxe Twilic Truffle - Maxi-Cosi;0.0;8;Carrinho de Bebê;Carrinho de Bebê
8.09.02.130.01;Carrinho de Bebê Eva³ 0 a 15 Kg Essential Black - Maxi-Cosi;0.0;38;Carrinho de Bebê;Carrinho de Bebê
8.09.02.131.01;Carrinho de Bebê Eva³ 0 a 15 Kg Essential Black Champagne - Maxi-Cosi;0.0;63;Carrinho de Bebê;Carrinho de Bebê
8.09.02.132.10;Carrinho de Bebê Eva³ 0 a 15 Kg Select Grey - Maxi-Cosi;0.0;27;Carrinho de Bebê;Carrinho de Bebê
8.09.54.04.07;Carrinho de Bebê Evo Azul - Tutti Baby;589.9;3;Carrinho de Bebê;Carrinho de Bebê
8.09.76.76.01;Carrinho de Bebê Ginger com Bebê Conforto Rue e Base Chumbo Shale - Joie;0.0;1;Carrinho de Passeio;Travel System
8.09.04.124.92;Carrinho de Bebê Griffy Jeans - Cosco;649.9;1;Carrinho de Bebê;Carrinho de Bebê
8.09.04.115.01;Carrinho de Bebê Guarda-Chuva Keep Preto - Cosco;399.9;3;Carrinho de Bebê;Carrinho de Bebê
8.09.03.04.01;Carrinho de Bebê Guarda-Chuva Pipa Preto Neon - Voyage;499.9;6;Carrinho de Bebê;Carrinho de Bebê
8.09.03.108.07;Carrinho de Bebê Guarda-Chuva Wing Azul - Voyage;399.9;20;Carrinho de Bebê;Carrinho de Bebê
8.09.03.02.10;Carrinho de Bebê Guarda-Chuva Wing Cinza Mescla - Voyage;379.9;1;Carrinho de Bebê;Carrinho de Bebê
8.09.04.116.01;Carrinho de Bebê Guarda-Chuva Wing Preto - Voyage;379.9;1;Carrinho de Bebê;Carrinho de Bebê
8.09.03.109.18;Carrinho de Bebê Guarda-Chuva Wing Rosa - Voyage;379.9;2;Carrinho de Bebê;Carrinho de Bebê
8.09.04.118.10;Carrinho de Bebê Hobby Cinza Mescla - Cosco;579.9;1;Carrinho de Bebê;Carrinho de Bebê
8.09.04.117.01;Carrinho de Bebê Hobby Preto Mescla - Cosco;609.9;3;Carrinho de Bebê;Carrinho de Bebê
8.09.39.09.01;Carrinho de Bebê Hoodie Burigotto Black;899.9;1;Carrinho de Bebê;Carrinho de Bebê
8.30.23.03.18;Kit 2 Mordedores de Silicone Texturizado Rosa - Infanti;29.9;3;Brinquedo e Diversão;Mordedores
8.25.47.97.03;Kit 2 Travas Multiuso Branco - KaBaby;19.9;1;Travas e Protetores;Travas e Protetores
8.25.47.99.06;Kit 2 Travas Multiuso em Tecido Branco - KaBaby;19.9;1;Travas e Protetores;Travas e Protetores
8.24.23.45.62;Kit 4 Potes Infantis Multiuso 236ml Infanti Azul e Amarelo;29.9;2;Alimentação;Acessórios de Alimentação
8.25.75.54.16;Kit Bebê a Caminho Tamanho Único P (1 a 3 meses) Amarelo - D´Bella for Baby;89.9;3;Quarto;Quarto
8.25.75.53.06;Kit Bebê a Caminho Tamanho Único P (1 a 3 meses) Branco - D´Bella for Baby;89.9;1;Quarto;Quarto
8.25.75.56.10;Kit Bebê a Caminho Tamanho Único P (1 a 3 meses) Cinza Mescla - D´Bella for Baby;89.9;5;Quarto;Quarto
8.25.75.55.08;Kit Bebê a Caminho Tamanho Único P (1 a 3 meses) Vermelho - D´Bella for Baby;89.9;5;Quarto;Quarto
8.24.72.72.00;Kit de Alimentação com Tigela 200ml Sem Sucção + Colher e Babador Elefante Ollie – Marcus & Marcus;159.9;1;Alimentação;Acessórios de Alimentação
8.25.47.22.07;Kit Escova e Pente Azul - KaBaby;39.9;3;Banho e Higiene;Utensílios de Higiene
8.25.47.23.10;Kit Escova e Pente Cinza - KaBaby;49.9;1;Banho e Higiene;Utensílios de Higiene
8.25.47.24.18;Kit Escova e Pente Rosa - KaBaby;39.9;2;Banho e Higiene;Utensílios de Higiene
8.25.70.33.00;Kit Higiene Pente E Escova De Cerdas Naturais Quick Branco e Cinza - Clingo;29.9;1;Alimentação;Acessórios de Alimentação
8.24.92.35.00;Kit Infantil Para Lanche Zoo 700 ml Baleia Narval - Skip Hop;139.9;5;Alimentação;Acessórios de Alimentação
8.24.92.38.00;Kit Infantil Para Lanche Zoo 700 ml Cachorro Pug - Skip Hop;139.9;3;Alimentação;Acessórios de Alimentação
8.24.92.39.00;Kit Infantil Para Lanche Zoo 700 ml Girafa - Skip Hop;139.9;2;Alimentação;Acessórios de Alimentação
8.24.92.43.00;Kit Infantil Para Lanche Zoo 700 ml Unicórnio - Skip Hop;139.9;4;Alimentação;Acessórios de Alimentação
8.25.57.180.07;Kit Lavador Nasal Azul - Buba;22.9;3;Banho e Higiene;Utensílios de Higiene
24.25.49.14.06;Kit Lixeira com Pedal Branca 3 litros + 12 litros;0.0;458;Casa;Lixeira
24.25.49.15.10;Kit Lixeira com Pedal Chumbo 3 litros + 12 litros;0.0;170;Casa;Lixeira
24.25.49.13.10;Kit Lixeira Retrô com Pedal Cinza 5 litros + 20 litros;0.0;44;Casa;Lixeira
8.25.47.69.10;Kit Manicure Infantil Premium Cinza - KaBaby;29.9;1;Banho e Higiene;Utensílios de Higiene
8.25.98.02.00;Kit Pente Escova Com Cerdas Naturais Azul/Verde Ibimboo;39.9;4;Banho e Higiene;Utensílios de Higiene
8.25.98.03.18;Kit Pente Escova Com Cerdas Naturais Pink - Ibimboo;39.9;6;Banho e Higiene;Utensílios de Higiene
8.25.57.146.05;Kit Protetor Solar Blackout com Ventosas - Buba;19.9;3;Travas e Protetores;Travas e Protetores
8.24.33.03.18;Lancheira Térmica Flamingo - Tiny Love;79.9;1;Alimentação;Acessórios de Alimentação
8.24.92.79.00;Lancheira Térmica Infantil com Zíper Zoo Baleia Narval - Skip Hop;129.9;1;Alimentação;Acessórios de Alimentação
8.25.75.64.69;Lençol de Berço e Mini Cama Percal 200 Fios 3 Peças Astronauta - D´Bella for Baby;229.9;2;Quarto;Berço
8.25.75.66.69;Lençol de Berço e Mini Cama Percal 200 Fios 3 Peças Boneca - D´Bella for Baby;229.9;2;Quarto;Berço
8.25.75.65.69;Lençol de Berço e Mini Cama Percal 200 Fios 3 Peças Coala - D´Bella for Baby;229.9;1;Quarto;Berço
8.25.75.63.69;Lençol de Berço e Mini Cama Percal 200 Fios 3 Peças Elefante - D´Bella for Baby;229.9;1;Quarto;Berço
8.61.130.24.10;Lençol de Elástico Avulso Berço Americano 70cm x 130cm x 15cm Cinza - Arrumadinho;49.9;1;Quarto;Berço
8.61.130.28.11;Lençol de Elástico Avulso Berço Americano 70cm x 130cm x 15cm Verde - Arrumadinho;39.9;2;Quarto;Berço
8.61.130.03.10;Lençol de Elástico Avulso Mini Berço 40cm x 85cm x 10cm Cinza - Arrumadinho;29.9;1;Quarto;Berço
8.61.130.50.07;Lençol de Elástico Berço Crescer Fase 1 Redondo 69cm Azul - Arrumadinho;39.9;2;Quarto;Berço
8.61.130.55.18;Lençol de Elástico Berço Crescer Fase 1 Redondo 69cm Rosa - Arrumadinho;39.9;1;Quarto;Berço
8.61.130.56.11;Lençol de Elástico Berço Crescer Fase 1 Redondo 69cm Verde - Arrumadinho;39.9;2;Quarto;Berço
8.61.130.57.07;Lençol de Elástico Berço Crescer Fase 2 Oval 138cm x 68cm Azul - Arrumadinho;39.9;2;Quarto;Berço
8.61.130.60.00;Lençol de Elástico Berço Crescer Fase 2 Oval 138cm x 68cm Cru - Arrumadinho;39.9;2;Quarto;Berço
8.61.130.62.18;Lençol de Elástico Berço Crescer Fase 2 Oval 138cm x 68cm Rosa - Arrumadinho;39.9;1;Quarto;Berço
8.61.130.63.11;Lençol de Elástico Berço Crescer Fase 2 Oval 138cm x 68cm Verde - Arrumadinho;39.9;2;Quarto;Berço
8.25.75.62.00;Lençol de Malha Para Berço e Mini Cama 3 Peças Clássico Aviões - D´Bella for Baby;179.9;2;Quarto;Berço
8.25.75.61.10;Lençol de Malha Para Berço e Mini Cama 3 Peças Clássico Poá Cinza - D´Bella for Baby;179.9;3;Quarto;Berço
8.25.75.17.00;Lençol de Malha Para Berço e Mini Cama Flores - D´Bella for Baby;159.9;3;Roupas de Bebê;Roupas de Bebê
8.25.75.18.00;Lençol de Malha Para Berço e Mini Cama Ovelhinhas - D´Bella for Baby;189.9;3;Roupas de Bebê;Roupas de Bebê
8.25.75.110.06;Lençol de Mini Berço Malha 3 Peças Clássico Lese Branco - D´Bella for Baby;139.9;1;Quarto;Acessório de Quarto
8.30.127.09.69;Livrinho de Atividades Aprenda Brincando - Winfun;179.9;2;Brinquedo e Diversão;Brinquedos
8.30.57.27.69;Livrinho De Atividades Jungle - Buba;59.9;2;Brinquedo e Diversão;Brinquedos
8.30.57.43.69;Livrinho De Banho Um Dia Com O Ursinho - Buba;19.9;2;Brinquedo e Diversão;Brinquedos
8.25.70.11.10;Lixa de Unhas Elétrico Cinza e Branco Clingo;49.9;9;Banho e Higiene;Utensílios de Higiene
8.25.57.179.06;Lixeira Antiodor 9 litros Branca - Buba;189.9;3;Banho e Higiene;Utensílios de Higiene
24.25.49.09.00;Lixeira Inox com Pedal 5 litros - Mollie;59.9;417;Casa;Lixeira
8.25.47.127.07;Lixeira Mágico Anti-Odor Azul - Kababy;259.9;3;Cuidados;Cuidados
24.25.49.08.06;Lixeira Redonda com Pedal 12 litros Branca - Mollie;127.9;458;Casa;Lixeira
24.25.49.06.00;Lixeira Redonda com Pedal 12 litros Chumbo - Mollie;127.9;170;Casa;Lixeira
24.25.49.07.06;Lixeira Redonda com Pedal 3 litros Branca - Mollie;52.9;1042;Casa;Lixeira
24.25.49.05.00;Lixeira Redonda com Pedal 3 litros Chumbo - Mollie;52.9;445;Casa;Lixeira
24.25.49.04.06;Lixeira Retrô com Pedal 20 litros Branca - Mollie;295.9;24;Casa;Lixeira
24.25.49.02.10;Lixeira Retrô com Pedal 20 litros Cinza Mollie;295.9;44;Casa;Lixeira
24.25.49.01.10;Lixeira Retrô com Pedal 5 litros Cinza - Mollie;109.9;252;Casa;Lixeira
24.25.49.16.01;Lixeira Retrô com Pedal Preta 5 litros - Mollie;109.9;237;Casa;Lixeira
8.25.70.09.00;Luminária com Luz e Sons Elefantinho - Clingo;89.9;3;Quarto;Quarto
8.30.53.13.00;Luminária e Projetor Rainbow Bear Bege - Chicco;59.9;3;Quarto;Decoração
8.25.57.26.07;Luvinha Mordedor Urso Azul -Buba;19.9;2;Brinquedo e Diversão;Mordedores
8.25.57.25.18;Luvinha Mordedor Urso Buba Rosa;19.9;4;Brinquedo e Diversão;Mordedores
8.25.57.17.00;Luz Noturna Led Buba Branco;19.9;1;Quarto;Decoração
8.26.138.52.06;Macacão Magnético Algodão Pima Branco com bordados em azul - 6 meses;179.9;3;Roupas de Bebê;Roupas de Bebê
8.26.138.50.06;Macacão Magnético Algodão Pima Branco com bordados em azul - Recém nascido;179.9;6;Roupas de Bebê;Roupas de Bebê
8.26.138.54.06;Macacão Magnético Algodão Pima Branco com bordados em Rosa - 3 meses;179.9;2;Roupas de Bebê;Roupas de Bebê
8.26.138.55.06;Macacão Magnético Algodão Pima Branco com bordados em Rosa - 6 meses;179.9;3;Roupas de Bebê;Roupas de Bebê
8.26.138.53.06;Macacão Magnético Algodão Pima Branco com bordados em Rosa - Recém nascido;179.9;3;Roupas de Bebê;Roupas de Bebê
8.26.138.74.16;Macacão Magnético Amarelo com girafa lateral branca - 12 meses;99.9;4;Roupas de Bebê;Roupas de Bebê
8.26.138.75.16;Macacão Magnético Amarelo com girafa lateral branca - 18 meses (1 a 2 anos);109.9;5;Roupas de Bebê;Roupas de Bebê
8.26.138.76.16;Macacão Magnético Amarelo com girafa lateral branca - 24 meses (2 a 3 anos);109.9;8;Roupas de Bebê;Roupas de Bebê
8.26.138.72.16;Macacão Magnético Amarelo com girafa lateral branca - 6 meses;109.9;4;Roupas de Bebê;Roupas de Bebê
8.26.138.73.16;Macacão Magnético Amarelo com girafa lateral branca - 9 meses;109.9;3;Roupas de Bebê;Roupas de Bebê
8.26.138.70.16;Macacão Magnético Amarelo com girafa lateral branca - Recém nascido;109.9;1;Roupas de Bebê;Roupas de Bebê
8.26.138.47.57;Macacão Magnético Avelã, girafa de courinho decorativa no peito - 12 meses;109.9;4;Roupas de Bebê;Roupas de Bebê
8.26.138.48.57;Macacão Magnético Avelã, girafa de courinho decorativa no peito - 18 meses (1 a 2 anos);99.9;2;Roupas de Bebê;Roupas de Bebê
8.26.138.49.57;Macacão Magnético Avelã, girafa de courinho decorativa no peito - 24 meses (2 a 3 anos);99.9;6;Roupas de Bebê;Roupas de Bebê
8.26.138.45.57;Macacão Magnético Avelã, girafa de courinho decorativa no peito - 6 meses;109.9;6;Roupas de Bebê;Roupas de Bebê
8.26.138.46.57;Macacão Magnético Avelã, girafa de courinho decorativa no peito - 9 meses;109.9;3;Roupas de Bebê;Roupas de Bebê
8.26.138.43.57;Macacão Magnético Avelã, girafa de courinho decorativa no peito - Recém nascido;109.9;8;Roupas de Bebê;Roupas de Bebê
8.26.138.82.11;Macacão Magnético Gravidicas - Menta com estampa sunshine - 18 meses (1 a 2 anos);109.9;4;Roupas de Bebê;Roupas de Bebê
8.26.138.83.11;Macacão Magnético Gravidicas - Menta com estampa sunshine - 24 meses (2 a 3 anos);109.9;3;Roupas de Bebê;Roupas de Bebê
8.26.138.61.07;Macacão Magnético Listra Azul com girafinhas - 18 meses (1 a 2 anos);99.9;4;Roupas de Bebê;Roupas de Bebê
8.26.138.56.07;Macacão Magnético Listra Azul com girafinhas - Recém nascido;109.9;4;Roupas de Bebê;Roupas de Bebê
8.26.138.67.18;Macacão Magnético Listra Rosa com girafinhas - 12 meses;109.9;3;Roupas de Bebê;Roupas de Bebê
8.26.138.68.18;Macacão Magnético Listra Rosa com girafinhas - 18 meses (1 a 2 anos);109.9;5;Roupas de Bebê;Roupas de Bebê
8.26.138.69.18;Macacão Magnético Listra Rosa com girafinhas - 24 meses (2 a 3 anos);109.9;8;Roupas de Bebê;Roupas de Bebê
8.26.138.65.18;Macacão Magnético Listra Rosa com girafinhas - 6 meses;109.9;3;Roupas de Bebê;Roupas de Bebê
8.26.138.66.18;Macacão Magnético Listra Rosa com girafinhas - 9 meses;109.9;7;Roupas de Bebê;Roupas de Bebê
8.26.138.63.18;Macacão Magnético Listra Rosa com girafinhas - Recém nascido;109.9;4;Roupas de Bebê;Roupas de Bebê
8.26.138.26.07;Macacão Magnético Marinho, detalhes vermelho e cinza com estampa arco-íris - 12 meses;109.9;3;Roupas de Bebê;Roupas de Bebê
8.26.138.27.07;Macacão Magnético Marinho, detalhes vermelho e cinza com estampa arco-íris - 18 meses (1 a 2 anos);109.9;2;Roupas de Bebê;Roupas de Bebê
8.26.138.28.07;Macacão Magnético Marinho, detalhes vermelho e cinza com estampa arco-íris - 24 meses (2 a 3 anos);109.9;4;Roupas de Bebê;Roupas de Bebê
8.26.138.24.07;Macacão Magnético Marinho, detalhes vermelho e cinza com estampa arco-íris - 6 meses;109.9;1;Roupas de Bebê;Roupas de Bebê
8.26.138.41.10;Macacão Magnético Mescla, girafa de courinho decorativa no peito - 18 meses (1 a 2 anos);109.9;1;Roupas de Bebê;Roupas de Bebê
8.26.138.42.10;Macacão Magnético Mescla, girafa de courinho decorativa no peito - 24 meses (2 a 3 anos);109.9;3;Roupas de Bebê;Roupas de Bebê
8.26.138.38.10;Macacão Magnético Mescla, girafa de courinho decorativa no peito - 6 meses;99.9;1;Roupas de Bebê;Roupas de Bebê
8.26.138.39.10;Macacão Magnético Mescla, girafa de courinho decorativa no peito - 9 meses;109.9;2;Roupas de Bebê;Roupas de Bebê
8.26.138.36.10;Macacão Magnético Mescla, girafa de courinho decorativa no peito - Recém nascido;109.9;2;Roupas de Bebê;Roupas de Bebê
8.26.138.35.12;Macacão Magnético Off, detalhes vermelho e azul royal com letras e números nas mangas - 24 meses (2;109.9;2;Roupas de Bebê;Roupas de Bebê
8.26.138.29.12;Macacão Magnético Off, detalhes vermelho e azul royal com letras e números nas mangas - Recém nascid;109.9;3;Roupas de Bebê;Roupas de Bebê
8.26.138.12.18;Macacão Magnético Rosa, mangas lavanda e pink e detalhes menta - 12 meses;109.9;3;Roupas de Bebê;Roupas de Bebê
8.26.138.13.18;Macacão Magnético Rosa, mangas lavanda e pink e detalhes menta - 18 meses (1 a 2 anos);109.9;7;Roupas de Bebê;Roupas de Bebê
8.26.138.14.18;Macacão Magnético Rosa, mangas lavanda e pink e detalhes menta - 24 meses (2 a 3 anos);109.9;6;Roupas de Bebê;Roupas de Bebê
8.26.138.09.18;Macacão Magnético Rosa, mangas lavanda e pink e detalhes menta - 3 meses;109.9;1;Roupas de Bebê;Roupas de Bebê
8.26.138.10.18;Macacão Magnético Rosa, mangas lavanda e pink e detalhes menta - 6 meses;99.9;3;Roupas de Bebê;Roupas de Bebê
8.26.138.11.18;Macacão Magnético Rosa, mangas lavanda e pink e detalhes menta - 9 meses;109.9;8;Roupas de Bebê;Roupas de Bebê
8.26.138.08.18;Macacão Magnético Rosa, mangas lavanda e pink e detalhes menta - Recém nascido;109.9;6;Roupas de Bebê;Roupas de Bebê
8.26.138.19.113;Macacão Magnético Roxo, detalhes pink e azul anil com estampa arco-íris - 12 meses;109.9;4;Roupas de Bebê;Roupas de Bebê
8.26.138.20.113;Macacão Magnético Roxo, detalhes pink e azul anil com estampa arco-íris - 18 meses (1 a 2 anos);109.9;7;Roupas de Bebê;Roupas de Bebê
8.26.138.21.113;Macacão Magnético Roxo, detalhes pink e azul anil com estampa arco-íris - 24 meses (2 a 3 anos);109.9;8;Roupas de Bebê;Roupas de Bebê
8.26.138.16.113;Macacão Magnético Roxo, detalhes pink e azul anil com estampa arco-íris - 3 meses;109.9;7;Roupas de Bebê;Roupas de Bebê
8.26.138.17.113;Macacão Magnético Roxo, detalhes pink e azul anil com estampa arco-íris - 6 meses;109.9;6;Roupas de Bebê;Roupas de Bebê
8.26.138.18.113;Macacão Magnético Roxo, detalhes pink e azul anil com estampa arco-íris - 9 meses;109.9;8;Roupas de Bebê;Roupas de Bebê
8.26.138.15.113;Macacão Magnético Roxo, detalhes pink e azul anil com estampa arco-íris - Recém nascido;109.9;7;Roupas de Bebê;Roupas de Bebê
8.11.164.01.113;Mala Infantil Com Rodinha Cassie a Gata Roxa - Trunki;489.9;1;Passeio;Acessórios para Passeio
8.11.164.05.11;Mala Infantil Com Rodinha Dudley o Dino Verde - Trunki;489.9;2;Passeio;Acessórios para Passeio
8.11.164.02.08;Mala Infantil Com Rodinha Frank o Bombeiro Vermelha - Trunki;489.9;1;Passeio;Acessórios para Passeio
8.11.164.03.12;Mala Infantil Com Rodinha Lola a Lhama Creme - Trunki;489.9;2;Passeio;Acessórios para Passeio
8.11.164.04.07;Mala Infantil Com Rodinha Percy o Carro de Polícia Azul - Trunki;489.9;2;Passeio;Acessórios para Passeio
8.11.33.05.18;Mala Infantil com Rodinha Safari Flamingo - Tiny Love;179.9;2;Passeio;Bolsas e Mochilas
8.11.33.06.17;Mala Infantil com Rodinha Safari Jaguar - Tiny Love;179.9;1;Passeio;Bolsas e Mochilas
8.11.164.06.07;Mala Infantil Com Rodinha Una a Unicórnio Azul - Trunki;489.9;1;Passeio;Acessórios para Passeio
8.25.23.26.10;Manta Infanti Média Infanti - Cinza;79.9;3;Quarto;Quarto
8.25.57.147.16;Massageador De Gengiva Milho - Buba;19.9;5;Brinquedo e Diversão;Mordedores
8.25.47.126.18;Massageador de Lactação Blush - Lumama;521.9;1;Brinquedo e Diversão;Mordedores
8.25.106.04.07;Meia Divertida com Antiderrapante para Menino Vista White - Adoleta Bebê;29.9;10;Banho e Higiene;Utensílios de Higiene
8.30.148.27.69;Mini Chaveiro de Pelúcia Angela Zoo Koala - Metoo;69.9;1;Carrinho de Passeio;Acessório para Passeio
8.30.148.28.69;Mini Chaveiro de Pelúcia Angela Zoo Unicórnio - Metoo;69.9;1;Carrinho de Passeio;Acessório para Passeio
8.30.148.26.11;Mini Chaveiro de Pelúcia Dino - Metoo;69.9;1;Carrinho de Passeio;Acessório para Passeio
8.11.160.13.76;Mini Mochila com Bolso Frontal Cavalinho - MaiT;209.9;1;Bolsas e Mochilas;Bolsas e Mochilas
8.11.160.29.02;Mini Mochila com Pochete Xadrez Borboleta - MaiT;199.9;3;Bolsas e Mochilas;Bolsas e Mochilas
8.03.169.03.06;Mini Travesseiro Infantil Ergonômico Bear White - Kikka Boo;69.9;2;Quarto;Almofadas para Bebê
8.03.169.01.06;Mini Travesseiro Infantil Ergonômico Bunny Branco - Kikka Boo;69.9;3;Quarto;Almofadas para Bebê
8.30.92.14.00;Móbile Eletrônico Portátil Stroll & Go Coruja - Skip Hop;179.9;1;Brinquedo e Diversão;Brinquedos
8.30.33.02.69;Móbile Musical Luxe Tiny Love - Treasure the Ocean;259.9;5;Brinquedo e Diversão;Brinquedos
8.30.33.48.06;Móbile Para Berço Luxe Musical Boho Chic - Tiny Love;0.0;3;Brinquedo e Diversão;Brinquedos
8.30.33.07.00;Móbile Soothe'n Groove Meadow Days - Tiny Love;0.0;3;Brinquedo e Diversão;Brinquedos
8.11.23.04.18;Mochila com Guia Borboleta Rosa - Infanti;89.9;2;Bolsas e Mochilas;Bolsas e Mochilas
8.11.23.03.11;Mochila com Guia Dino Verde - Infanti;79.9;3;Bolsas e Mochilas;Bolsas e Mochilas
8.11.23.06.17;Mochila com Guia Tigre Laranja - Infanti;89.9;3;Bolsas e Mochilas;Bolsas e Mochilas
8.11.23.05.18;Mochila com Guia Unicórnio Rosa - Infanti;89.9;2;Bolsas e Mochilas;Bolsas e Mochilas
8.11.92.18.00;Mochila Escolar Zoo Baleia Narval - SkipHop;299.9;2;Bolsas e Mochilas;Mochila Infantil
8.11.92.03.00;Mochila Escolar Zoo Koala - Skip Hop;279.9;1;Bolsas e Mochilas;Mochila Infantil
8.11.92.19.00;Mochila Escolar Zoo Unicórnio - SkipHop;299.9;4;Bolsas e Mochilas;Mochila Infantil
8.11.33.03.17;Mochila Infantil Safari Jaguar - Tiny Love;99.9;1;Passeio;Bolsas e Mochilas
8.11.92.15.00;Mochila Infantil Spark Style Arco-Iris - SkipHop;559.9;1;Bolsas e Mochilas;Mochila Infantil
8.11.92.17.00;Mochila Infantil Spark Style Morango - SkipHop;419.9;2;Bolsas e Mochilas;Mochila Infantil
8.11.92.05.00;Mochila Infantil Zoo Baleia Narval - Skip Hop;189.9;1;Bolsas e Mochilas;Mochila Infantil
8.11.92.08.00;Mochila Infantil Zoo Flamingo - Skip Hop;159.9;2;Bolsas e Mochilas;Mochila Infantil
8.11.92.10.00;Mochila Infantil Zoo Koala - Skip Hop;209.9;4;Bolsas e Mochilas;Mochila Infantil
8.11.92.12.00;Mochila Infantil Zoo Raposa - Skip Hop;209.9;1;Bolsas e Mochilas;Mochila Infantil
8.11.47.04.111;Mochila Passeio com Guia Vaquinha - KaBaby;99.9;1;Bolsas e Mochilas;Bolsas e Mochilas
8.11.47.01.18;Mochila Passeio Corujinha Rosa - KaBaby;99.9;1;Bolsas e Mochilas;Bolsas e Mochilas
8.11.47.06.18;Mochila Passeio Rígida Trenzinho Girl - KaBaby;99.9;3;Bolsas e Mochilas;Bolsas e Mochilas
8.11.01.03.01;Mochila Paternidade Reserva Black - Safety 1st;0.0;4;Bolsas e Mochilas;Bolsas e Mochilas
8.04.74.01.01;Moisés para Carrinho de Bebê Savvy Melange Preto - Kiddo;1269.9;1;Passeio;Acessório para Passeio
8.04.76.07.01;Moisés Ramble XL Signature Eclipse - Joie;1389.9;3;Passeio;Acessórios para Passeio
8.25.94.01.69;Mordedor Aros Coloridos Sophie La Girafe Vulli;189.9;12;Brinquedo e Diversão;Mordedores
8.30.53.64.17;Mordedor Charlie Eco Cachorro Laranja - Chicco;19.9;4;Brinquedo e Diversão;Mordedores
8.25.70.36.07;Mordedor De Madeira Tartaruga Azul Navy - Clingo;39.9;1;Brinquedo e Diversão;Mordedores
8.25.57.112.18;Mordedor em Silicone e Bambu Leão Rosa – Buba;29.9;2;Brinquedo e Diversão;Mordedores
8.30.121.02.00;Mordedor Grasp & Teethe Teether Colorido - Oball;49.9;3;Brinquedo e Diversão;Mordedores
8.25.70.38.00;Mordedor Infantil Green Madeira e Silicone Siri Bege - Clingo;39.9;2;Brinquedo e Diversão;Mordedores
8.25.57.114.07;Mordedor Mãozinha Com Prendedor De Chupeta Azul - Buba;29.9;1;Brinquedo e Diversão;Mordedores
8.25.57.115.18;Mordedor Mãozinha Com Prendedor De Chupeta Rosa - Buba;29.9;1;Brinquedo e Diversão;Mordedores
8.30.53.65.07;Mordedor Mocho Eco Coruja Azul - Chicco;19.9;4;Brinquedo e Diversão;Mordedores
8.30.148.32.76;Naninha by Jimbao Leão Büp Baby - Metoo;89.9;1;Quarto;Quarto
8.25.57.116.00;Naninha Coelhinho - Buba;49.9;1;Quarto;Quarto
8.30.57.68.10;Naninha Elefantinho - Buba;49.9;2;Brinquedo e Diversão;Brinquedos
8.25.71.23.00;Naninha em Algodão Hipopótamo Marfim – Baby Pil;39.9;1;Quarto;Quarto
8.25.57.117.00;Naninha Girafinha - Buba;49.9;1;Quarto;Quarto
8.25.57.119.00;Naninha Zebrinha - Buba;49.9;2;Quarto;Quarto
8.11.160.20.113;Necessaire Arco Iris - MaiT;119.9;3;Bolsas e Mochilas;Bolsas e Mochilas
8.11.160.18.07;Necessaire Astronauta - MaiT;119.9;6;Bolsas e Mochilas;Bolsas e Mochilas
8.11.160.02.07;Necessaire Cupcake - MaiT;109.9;1;Bolsas e Mochilas;Bolsas e Mochilas
8.11.160.04.08;Necessaire Pipoca - MaiT;109.9;2;Bolsas e Mochilas;Bolsas e Mochilas
8.11.160.31.07;Necessaire Xadrez Bola - MaiT;99.9;2;Bolsas e Mochilas;Bolsas e Mochilas
8.11.160.28.02;Necessaire Xadrez Borboleta - MaiT;99.9;1;Bolsas e Mochilas;Bolsas e Mochilas
8.09.30.03.81;Ninho Acolchoado From-Birth Cocoon Zapp X Blush - Quinny;449.9;1;Passeio;Acessórios para Passeio
8.25.01.08.18;Ninho Para Berço e Carrinho Rosa Péssego - Fom Baby;339.9;1;Roupas de Bebê;Roupas de Bebê
8.25.92.06.10;Organizador de Acessórios com Led Cinza - Skip Hop;479.9;3;Passeio;Acessórios para Passeio
8.25.105.02.01;Organizador de Banho Pinguim Preto - 3 Sprouts;129.9;3;Quarto;Quarto
8.25.92.08.00;Organizador de Banho Tubarão - 3 Sprouts;119.9;1;Banho e Higiene;Utensílios de Higiene
8.25.53.110.11;Pack 2 Escovas de Dentes 3 a 6 Anos Verde - Chicco;9.9;1;Banho e Higiene;Utensílios de Higiene
8.25.75.27.00;Pano de Boca Atoalhado Duplo Clássico 2 Peças Flores - D'Bella for Baby;69.9;5;Banho e Higiene;Utensílios de Higiene
8.25.75.28.00;Pano de Boca Atoalhado Duplo Clássico 2 Peças Ovelhinhas - D'Bella for Baby;69.9;8;Banho e Higiene;Utensílios de Higiene
8.09.28.63.68;Carrinho de Bebê Jamby Dzieco Preto e Cinza;799.9;2;Carrinho de Bebê;Carrinho de Bebê
8.09.03.01.10;Carrinho de Bebê Jobim Cinza Mescla - Voyage;619.9;2;Carrinho de Bebê;Carrinho de Bebê
8.09.02.72.01;Carrinho de Bebê Lila CP² Essential Black - Maxi-Cosi;3049.9;1;Carrinho de Bebê;Carrinho de Bebê
8.09.23.68.10;Carrinho de Bebê Lucca Cinza - Infanti;0.0;3;Carrinho de Bebê;Carrinho de Bebê
8.09.23.67.01;Carrinho de Bebê Lucca Preto - Infanti;0.0;4;Carrinho de Bebê;Carrinho de Bebê
8.09.03.79.01;Carrinho de Bebê Luck Preto - Voyage;579.9;2;Carrinho de Bebê;Carrinho de Bebê
8.09.23.88.07;Carrinho de Bebê Magno Azul Oceano - Infanti;899.1;4;Carrinho de Bebê;Carrinho de Bebê
8.09.23.89.01;Carrinho de Bebê Magno Preto Infinito - Infanti;899.1;1;Carrinho de Bebê;Carrinho de Bebê
8.09.04.102.10;Carrinho de Bebê Minny Cinza Mescla - Cosco;759.9;2;Carrinho de Bebê;Carrinho de Bebê
8.09.54.06.01;Carrinho de Bebê Nivo Preto e Cinza - Tutti Baby;769.9;3;Carrinho de Bebê;Carrinho de Bebê
8.09.76.70.07;Carrinho de Bebê Pact Pro Azul Deep Sea - Joie;1759.0;2;Carrinho de Bebê;Carrinho de Bebê
8.09.76.61.10;Carrinho de Bebê Pact Pro Chumbo Shale - Joie;0.0;8;Carrinho de Bebê;Carrinho de Bebê
8.09.76.53.10;Carrinho de Bebê Pact Pro Cinza Pebble - Joie;0.0;4;Carrinho de Bebê;Carrinho de Bebê
8.09.76.71.07;Carrinho de Bebê Pact Pro Light Blue - Joie;0.0;4;Carrinho de Bebê;Carrinho de Bebê
8.09.76.67.18;Carrinho de Bebê Pact Pro Pink Lilac - Joie;0.0;2;Carrinho de Bebê;Carrinho de Bebê
8.09.76.07.10;Carrinho de Bebê Parcel Oyster - Joie;0.0;13;Carrinho de Bebê;Carrinho de Bebê
8.09.03.117.01;Carrinho de Bebê Prestige Preto - Voyage;1279.9;2;Passeio;Carrinho de Bebê
8.09.74.04.10;Carrinho de Bebê Prima Melange Grafite Kiddo;1239.9;4;Carrinho de Bebê;Carrinho de Bebê
8.09.04.94.07;Carrinho de Bebê Reverse Azul Rajado - Cosco;739.9;27;Carrinho de Bebê;Carrinho de Bebê
8.09.04.95.10;Carrinho de Bebê Reverse Cinza Rajado - Cosco;739.9;69;Carrinho de Bebê;Carrinho de Bebê
8.09.04.96.01;Carrinho de Bebê Reverse Cosco - Preto Rajado;689.9;2;Carrinho de Bebê;Carrinho de Bebê
8.09.23.55.10;Carrinho de Bebê Rock Black Total - Infanti;0.0;2;Carrinho de Bebê;Carrinho de Bebê
8.09.74.20.01;Carrinho de Bebê Savvy Melange Preto - Kiddo;2699.0;1;Carrinho de Bebê;Carrinho de Bebê
8.09.04.129.01;Carrinho de Bebê Skinny 6 meses a 15 Kg Preto - Cosco;269.9;3;Carrinho de Bebê;Carrinho de Bebê
8.09.01.07.10;Carrinho de Bebê Spark Plus Grey Frost - Safety 1st;0.0;71;Carrinho de Bebê;Carrinho de Bebê
8.09.74.18.10;Carrinho de Bebê Spider Grafite - Kiddo;999.9;3;Brinquedo e Diversão;Brinquedos
8.09.74.19.01;Carrinho de Bebê Spider Preto - Kiddo;999.9;4;Brinquedo e Diversão;Brinquedos
8.09.104.03.01;Carrinho de Bebê Spring Black - Thule;4319.9;1;Carrinho de Bebê;Carrinho de Bebê
8.09.74.05.01;Carrinho de Bebê Sprint Melange Preto - Kiddo;1026.9;2;Carrinho de Bebê;Carrinho de Bebê
8.09.93.01.10;Carrinho de Bebê Stone 6+ Cinza - Yoyo2;4439.9;1;Carrinho de Bebê;Carrinho de Bebê
8.09.04.120.10;Carrinho de Bebê Toffy Cinza Mescla - Cosco;609.9;8;Carrinho de Bebê;Carrinho de Bebê
8.09.76.75.10;Carrinho de Bebê Travel System Trio Versatrax Cycle Cinza Shellgray + Brinde Exclusivo - Joie;4829.9;4;Passeio;Carrinho Travel System
8.09.76.74.07;Carrinho de Bebê Travel System Trio Versatrax E Azul Lagoon + Brinde Exclusivo - Joie;4332.6;3;Passeio;Carrinho Travel System
8.09.76.72.10;Carrinho de Bebê Travel System Trio Versatrax E Pebble Cinza + Brinde Exclusivo - Joie;4332.6;4;Passeio;Carrinho Travel System
8.09.76.73.01;Carrinho de Bebê Travel System Trio Versatrax E Preto Moon Light + Brinde Exclusivo - Joie;4332.6;3;Passeio;Carrinho Travel System
8.09.76.48.10;Carrinho de Bebê Versatrax Cycle Travel System TRIO Cinza Shellgray - Joie;4829.9;4;Carrinho de Bebê;Carrinho Travel System
8.09.76.82.57;Carrinho de Bebê Versiti Areia Sandstone - Joie;4679.1;3;Passeio;Carrinho de Bebê
8.09.76.81.10;Carrinho de Bebê Versiti Chumbo Ebony - Joie;4679.1;2;Passeio;Carrinho de Bebê
8.09.03.87.10;Carrinho de Bebê Yupi Cinza Mescla - Voyage;779.9;5;Carrinho de Bebê;Carrinho de Bebê
8.09.03.88.01;Carrinho de Bebê Yupi Preto - Voyage;779.9;7;Carrinho de Bebê;Carrinho de Bebê
8.09.76.77.10;Carrinho de Gêmeos Aire Twin Cinza Pebble - Joie;0.0;14;Carrinho de Bebê;Carrinho de Bebê
8.30.57.61.69;Carrinho Infantil De Atividades Com Luz e Som - Buba;149.9;1;Brinquedo e Diversão;Brinquedos
8.04.01.02.07;Carrinho Multiuso Wagon Azul - Safety 1st;1309.9;3;Passeio;Acessório para Passeio
8.04.01.01.10;Carrinho Multiuso Wagon Cinza - Safety 1st;1309.9;8;Passeio;Acessório para Passeio
8.09.84.02.01;Carrinho para Bebê Compacto Qbit+All Terrain Night Black - GB;2309.9;2;Carrinho de Bebê;Carrinho de Bebê
8.09.84.16.07;Carrinho para Bebê Compacto Qbit+All Terrain Night Blue - GB;2319.9;1;Carrinho de Bebê;Carrinho de Bebê
6.30.162.06.06;Carro Elétrico Mini Esportivo 12V Bivolt com Controle e Capacidade até 30kg - Bang Toys;0.0;6;Brinquedo e Diversão;Brinquedos
8.30.04.01.57;Casinha Portátil Kids Playhouse Bege e Vermelha - Cosco;929.9;3;Brinquedo e Diversão;Brinquedos
8.30.94.10.00;Centro de Atividades Sophie La Girafe - Vulli;189.9;9;Brinquedo e Diversão;Centro de Atividades
8.04.74.04.10;Cercado Portátil ICI Cinza - Kiddo;445.9;2;Quarto;Quarto
8.04.74.05.01;Cercado Portátil ICI Preto - Kiddo;445.9;1;Quarto;Quarto
8.25.105.07.17;Cesto Organizador Quadrado Raposa - 3 Sprouts;169.9;1;Quarto;Quarto
8.25.105.04.18;Cesto Organizador Quadrado Unicórnio - 3 Sprouts;169.9;1;Quarto;Quarto
8.30.33.01.10;Chocalho Koala Cinza Boho Chic - Tiny Love;49.9;4;Brinquedo e Diversão;Brinquedos
8.30.53.62.07;Chocalho Mordedor Roca Mocho Eco Chicco Corujinha Azul;19.9;18;Brinquedo e Diversão;Mordedores
8.25.53.32.114;Chupeta de Silicone Physio Light Lumi 6 a 16 meses 2 Unidades Branco e Azul - Chicco;19.9;8;Brinquedo e Diversão;Chupetas
8.25.57.189.69;Chuveirinho Coala Colorido - Buba;119.9;1;Banho e Higiene;Utensílios de Higiene
8.04.04.12.06;Colchonete para Berço TAM 1 (88x52x4) Branco Estampado - Cosco;82.0;16;Passeio;Acessórios para Passeio
8.04.04.13.06;Colchonete Para Berço TAM 2 (95x61x4) Branco Estampado - Cosco;99.9;2;Passeio;Acessórios para Passeio
8.04.04.14.06;Colchonete para Berço TAM 3 (101x66x4) Branco Estampado - Cosco;119.9;3;Passeio;Acessórios para Passeio
8.25.85.01.00;Coletor Manual de Leite Materno Loren Baby;54.9;17;Alimentação;Acessórios de Alimentação
8.24.70.29.07;Colher Silicone Premium Colors 2 Unidades Azul Marinho - Clingo;29.9;3;Alimentação;Acessórios de Alimentação
8.24.70.30.18;Colher Silicone Premium Colors 2 Unidades Rosé - Clingo;29.9;1;Alimentação;Acessórios de Alimentação
8.25.135.02.00;Compressas Antitérmicas em Gel Fever Friends 4 Und - INR;21.9;1;Banho e Higiene;Utensílios de Higiene
21.14.50.119.00;Conjunto Com 2 Cadeiras Eames Infantil Azul Claro Base Em Madeira - Empório Tiffany;194.9;129;Móveis;Cadeira
21.14.50.123.00;Conjunto Com 2 Cadeiras Eames Infantil Preta Base Em Madeira - Empório Tiffany;194.9;131;Móveis;Cadeira
21.14.50.125.00;Conjunto Com 2 Cadeiras Eames Infantil Rosa Base Em Madeira - Empório Tiffany;194.9;125;Móveis;Cadeira
8.09.47.14.10;Conjunto Organizador de Carro Infantil KaBaby Cinza;249.9;1;Passeio;Acessórios para Passeio
8.24.47.26.07;Copo 360 Sport 300ml Azul - KaBaby;59.9;4;Alimentação;Acessórios de Alimentação
8.24.47.27.10;Copo 360 Sport 300ml Cinza - KaBaby;59.9;3;Alimentação;Acessórios de Alimentação
8.24.47.28.18;Copo 360 Sport 300ml Rosa - KaBaby;59.9;2;Alimentação;Acessórios de Alimentação
8.24.23.56.07;Copo de Silicone 2 em 1 Piccolo Azul - Infanti;39.9;1;Alimentação;Acessórios de Alimentação
8.24.23.59.57;Copo de Silicone 2 em 1 Piccolo Terracota - Infanti;39.9;11;Alimentação;Acessórios de Alimentação
8.24.23.57.11;Copo de Silicone 2 em 1 Piccolo Verde - Infanti;39.9;3;Alimentação;Acessórios de Alimentação
8.24.70.34.18;Copo de Transição com Canudo 240 ml Milky - Clingo;59.9;2;Alimentação;Acessórios de Alimentação
8.24.23.11.07;Copo Infantil 200 ml Azul Claro - Infanti;9.9;1;Alimentação;Acessórios de Alimentação
8.24.23.10.07;Copo Infantil 200 ml Azul Escuro - Infanti;7.9;1;Alimentação;Acessórios de Alimentação
8.24.23.07.08;Copo Infantil 200 ml Vermelho - Infanti;9.9;2;Alimentação;Acessórios de Alimentação
8.24.23.16.18;Copo Infantil 380 ml Rosa Escuro - Infanti;9.9;3;Alimentação;Acessórios de Alimentação
8.24.47.20.07;Copo Infantil com Bico de Silicone 125ml Azul - KaBaby;29.9;2;Alimentação;Acessórios de Alimentação
8.24.47.21.10;Copo Infantil com Bico de Silicone 125ml Cinza - KaBaby;29.9;1;Alimentação;Acessórios de Alimentação
8.30.170.18.76;Corrida de Bolinha Quadri 44 Peças Marrom - Hape;702.9;1;Brinquedo e Diversão;Brinquedos
8.25.70.24.00;Cortina Retrátil Solar Para Carro 2 Unidades - Clingo;79.9;3;Passeio;Acessórios para Passeio
8.30.170.19.06;Cozinha em Madeira Premium Infantil Branco - Hape;1009.9;1;Brinquedo e Diversão;Brinquedos
8.25.70.26.10;Degrau Infantil Antiderrapante Step Dots Cinza - Clingo;39.9;1;Banho e Higiene;Utensílios de Higiene
8.29.01.01.16;Degrau Infantil Duck Step - Safety 1st;39.9;6;Banho e Higiene;Utensílios de Higiene
8.25.169.01.10;Escorredor de Mamadeira e Acessórios Cinza - Kikka Boo;79.9;3;Higene;Utensílios de Higiene
8.25.53.54.00;Escova De Dentes 3A+ Roxa - Chicco;11.9;6;Banho e Higiene;Utensílios de Higiene
8.24.57.73.07;Escova Para Mamadeira Em Silicone Azul - Buba;29.9;1;Alimentação;Acessórios de Alimentação
8.24.57.75.18;Escova Para Mamadeira Em Silicone Rosa - Buba;29.9;3;Alimentação;Acessórios de Alimentação
8.25.47.33.07;Espelho Grande - Banco Traseiro Azul;109.9;1;Passeio;Acessórios para Passeio
8.25.74.01.01;Espelho para Carro Howdy Kiddo;174.9;1;Passeio;Acessórios para Passeio
8.25.70.27.00;Espelho Retrovisor Deluxe Grande Retangular - Clingo;99.9;3;Passeio;Acessórios para Passeio
8.25.47.34.113;Espelho Retrovisor Grande Para Banco Traseiro KaBaby Roxo;99.9;3;Alimentação;Acessórios de Alimentação
8.25.35.28.00;Espelho Retrovisor Para Banco Traseiro Baby Look Multikids Baby;69.9;1;Passeio;Acessórios para Passeio
8.25.57.10.00;Espelho Retrovisor Para Banco Traseiro Preto - Buba;69.9;6;Passeio;Acessórios para Passeio
8.30.33.59.69;Estação de DJ Tiny Rockers - Tiny Love;0.0;1;Brinquedo e Diversão;Brinquedos Diversos
8.30.170.20.11;Feirinha em Madeira Infantil Verde - Hape;1009.9;1;Brinquedo e Diversão;Brinquedos
8.30.170.03.08;Ferrovia Clássica em Formato de 8 Vermelho - Hape;209.9;1;Brinquedo e Diversão;Brinquedos
8.25.02.05.01;Filtro para Purificador de Ar Clean 3 Unidades Black - Maxi-Cosi;0.0;2;Cuidados;Cuidados
8.30.170.12.08;Forninho Mágico em Madeira Infantil Vermelho - Hape;409.9;1;Brinquedo e Diversão;Brinquedos
8.09.169.03.11;Forro Acolchoado para Carrinho Anti-Sweat Sleepy Sheep Mint - Kikka Boo;159.9;3;Passeio;Acessório para Passeio
8.09.169.04.07;Forro Acolchoado para Carrinho Anti-Sweat Stripy Friends Blue - Kikka Boo;159.9;3;Passeio;Acessório para Passeio
8.25.75.59.00;Fralda de Ombro Clássica Flores - D´Bella for Baby;59.9;4;Alimentação;Acessórios de Alimentação
8.25.75.57.10;Fralda de Ombro Clássica Poá Cinza - D´Bella for Baby;59.9;3;Alimentação;Acessórios de Alimentação
8.61.130.15.07;Fronha de Berço 30cm x 40cm Avulsa Malha 100% Algodão Azul - Arrumadinho;19.9;2;Quarto;Berço
8.61.130.17.10;Fronha de Berço 30cm x 40cm Avulsa Malha 100% Algodão Cinza - Arrumadinho;19.9;1;Quarto;Berço
8.61.130.18.00;Fronha de Berço 30cm x 40cm Avulsa Malha 100% Algodão Cru - Arrumadinho;19.9;3;Quarto;Berço
8.61.130.20.18;Fronha de Berço 30cm x 40cm Avulsa Malha 100% Algodão Rosa - Arrumadinho;19.9;2;Quarto;Berço
8.61.130.21.11;Fronha de Berço 30cm x 40cm Avulsa Malha 100% Algodão Verde - Arrumadinho;19.9;3;Quarto;Berço
8.24.23.60.07;Garfo e Colher de Silicone Piccolo Azul - Infanti;19.9;3;Alimentação;Acessórios de Alimentação
8.24.23.62.18;Garfo e Colher de Silicone Piccolo Rosa - Infanti;19.9;3;Alimentação;Acessórios de Alimentação
8.24.23.61.11;Garfo e Colher de Silicone Piccolo Verde - Infanti;19.9;2;Alimentação;Acessórios de Alimentação
8.24.92.19.00;Garrafa com Canudo Flip Zoo 384 ml Unicórnio - Skip Hop;59.9;2;Alimentação;Acessórios de Alimentação
8.24.128.13.18;Garrafa Easy Open Térmica 700ml Rosa Cereja - Büp One;139.9;2;Alimentação;Acessórios de Alimentação
8.24.128.14.11;Garrafa Easy Open Térmica 700ml Verde Sálvia - Büp One;139.9;1;Alimentação;Acessórios de Alimentação
8.24.72.125.07;Garrafa Pote Com Alça 300ml Sealife Azul - Marcus&Marcus;179.9;2;Alimentação;Acessórios de Alimentação
8.24.128.18.18;Garrafa Térmica 1,2L Easy Open Rosa - Büp One;179.9;1;Alimentação;Acessórios de Alimentação
8.24.128.19.18;Garrafa Térmica 1,2l Easy Open Rosa Cereja - Büp One;179.9;2;Alimentação;Acessórios de Alimentação
8.24.128.17.11;Garrafa Térmica 1,2L Easy Open Verde - Büp One;164.9;1;Alimentação;Acessórios de Alimentação
8.24.128.20.11;Garrafa Térmica 1,2l Easy Open Verde Sálvia - Büp One;179.9;1;Alimentação;Acessórios de Alimentação
8.24.57.23.18;Garrafa Térmica Inox Parede Dupla com Canudo Buba Rosa;84.9;1;Alimentação;Acessórios de Alimentação
8.24.92.20.00;Garrafa Tritan com Bico 350ml Raposa - 3 Sprouts;69.9;2;Alimentação;Acessórios de Alimentação
8.12.01.19.01;Grade de Porta Stop Gate Black - Safety 1st;239.9;19;Quarto;Grade de Proteção
8.12.01.18.06;Grade de Porta Stop Gate White - Safety 1st;229.9;30;Quarto;Grade de Proteção
8.30.33.60.69;Guitarra Eletrônica Tiny Rockers - Tiny Love;0.0;4;Brinquedo e Diversão;Brinquedos Diversos
8.30.170.13.06;Guitarra Musical Infantil Branco - Hape;479.9;2;Brinquedo e Diversão;Brinquedos
8.25.101.02.07;Inalador Air Mesh Colors com Bateria Azul Claro - Medicate;219.9;4;Banho e Higiene;Utensílios de Higiene
8.25.101.03.07;Inalador Air Mesh Colors com Bateria Azul Escuro - Medicate;219.9;1;Banho e Higiene;Utensílios de Higiene
8.25.101.05.11;Inalador Air Mesh Colors com Bateria Verde - Medicate;259.9;4;Banho e Higiene;Utensílios de Higiene
6.30.162.10.08;Jipe Elétrico Infantil 4x4 com 2 lugares Bivolt Vermelho - Bang Toy;0.0;3;Brinquedo e Diversão;Brinquedos
6.30.162.07.08;Jipe Infantil Elétrico Aventura 12V até 30 kgs Vermelho - Bang Toys;0.0;2;Brinquedo e Diversão;Brinquedos
8.24.72.114.00;Jogo Anatômico Colher E Garfo Com Inox Baleia Willo 2Pcs - Marcus & Marcus;59.9;1;Alimentação;Acessórios de Alimentação
8.24.72.110.00;Jogo Anatômico Colher E Garfo Com Inox Girafa Lola 2Pcs - Marcus & Marcus;59.9;1;Alimentação;Acessórios de Alimentação
8.24.72.111.00;Jogo Anatômico Colher E Garfo Com Inox Hipopótamo Lucas 2Pcs - Marcus & Marcus;59.9;1;Alimentação;Acessórios de Alimentação
8.24.72.112.00;Jogo Anatômico Colher E Garfo Com Inox Leão Marcus 2Pcs - Marcus & Marcus;59.9;1;Alimentação;Acessórios de Alimentação
8.24.72.103.00;Jogo Anatômico Colher Garfo E Faca Com Inox Elefante Ollie 3Pcs - Marcus & Marcus;79.9;1;Alimentação;Acessórios de Alimentação
8.24.72.104.00;Jogo Anatômico Colher Garfo E Faca Com Inox Girafa Lola 3Pcs - Marcus & Marcus;79.9;2;Alimentação;Acessórios de Alimentação
8.24.72.59.113;Jogo de Colher e Garfo Cabo em Silicone Baleia Roxa - Marcus&Marcus;59.9;1;Alimentação;Acessórios de Alimentação
8.24.72.57.18;Jogo de Colher e Garfo Cabo em Silicone Porquinho Rosa - Marcus&Marcus;74.9;1;Alimentação;Acessórios de Alimentação
8.24.72.95.00;Jogo de Colher e Garfo em Inox e Silicone Leão Vermelho - Marcus & Marcus;59.9;2;Alimentação;Acessórios de Alimentação
8.25.75.67.10;Pano de Boca Atoalhado Duplo Clássico 2 Peças Poá Cinza - D'Bella for Baby;69.9;13;Banho e Higiene;Utensílios de Higiene
8.25.75.30.00;Pano de Boca Atoalhado Duplo Estampado 2 peças Listrado Azul - D´Bella for Baby;69.9;3;Banho e Higiene;Utensílios de Higiene
8.25.75.29.10;Pano de Boca Atoalhado Duplo Estampado 2 peças Poá Cinza - D´Bella for Baby;69.9;3;Banho e Higiene;Utensílios de Higiene
8.25.75.31.18;Pano de Boca Atoalhado Duplo Estampado 2 peças Rosas Poá - D´Bella for Baby;69.9;1;Banho e Higiene;Utensílios de Higiene
8.25.75.71.00;Pano de Boca Simples Estampado 2 Peças Borboletas - D´Bella for Baby;59.9;8;Banho e Higiene;Utensílios de Higiene
8.25.75.70.00;Pano de Boca Simples Estampado 2 Peças Listrado - D´Bella for Baby;59.9;5;Banho e Higiene;Utensílios de Higiene
8.25.75.72.18;Pano de Boca Simples Estampado 2 Peças Rosas Poá - D´Bella for Baby;59.9;1;Banho e Higiene;Utensílios de Higiene
8.30.92.15.00;Pelúcia Acalma Bebê Bicho Preguiça Skip Hop;629.9;1;Brinquedo e Diversão;Brinquedos
8.30.92.16.00;Pelúcia Acalma Bebê Unicórnio Skip Hop;629.9;2;Brinquedo e Diversão;Brinquedos
8.50.128.02.00;Pelúcia Elefante Buguinha Girl 34 cm - Bup baby;139.9;2;Brinquedo e Diversão;Brinquedos
8.30.57.69.11;Pelúcia Turminha Soft Dino Verde - Buba;59.9;1;Brinquedo e Diversão;Brinquedos
8.30.57.70.18;Pelúcia Turminha Soft Unicórnio Rosa - Buba;59.9;1;Brinquedo e Diversão;Brinquedos
8.30.170.14.08;Piano Musical DJ Studio Infantil Vermelho - Hape;409.9;1;Brinquedo e Diversão;Brinquedos
8.30.170.11.76;Piano Musical Infantil Marrom - Hape;359.9;1;Brinquedo e Diversão;Brinquedos
8.30.170.16.76;Piano Musical Premium Infantil Marrom - Hape;459.9;1;Brinquedo e Diversão;Brinquedos
8.30.170.02.07;Pinguim Musical de Balanço Infantil Azul - Hape;154.9;1;Brinquedo e Diversão;Brinquedos
8.09.02.18.01;Plataforma com Assento Hop-On Board Black - Maxi-Cosi;0.0;1;Passeio;Acessório para Passeio
8.14.110.04.11;Poster Minha Chegada Aquarela Verde - Coloré;19.9;5;Quarto;Decoração
8.24.57.63.00;Pote Térmico com Talher Animal Fun Colorido Leão – Buba;89.9;2;Alimentação;Acessórios de Alimentação
8.24.57.68.11;Pote Térmico com Talher Gumy 320 ml Verde - Buba;89.9;2;Alimentação;Acessórios de Alimentação
8.24.70.54.07;Pote Termico Dupla Camada Vacuo Luke - Clingo;99.9;6;Alimentação;Acessórios de Alimentação
8.24.70.55.18;Pote Termico Dupla Camada Vacuo Milky - Clingo;99.9;2;Alimentação;Acessórios de Alimentação
8.24.92.58.00;Pote Térmico Inox Com Talher 350 ml Alce 3 - Sprouts;119.9;1;Alimentação;Acessórios de Alimentação
8.24.92.63.00;Pote Térmico Inox Com Talher 350 ml Raposa - 3 Sprouts;139.9;2;Alimentação;Acessórios de Alimentação
8.24.70.47.07;Pote Vidro Para Leite Materno Azul - 4 Unidades - Clingo;59.9;2;Alimentação;Acessórios de Alimentação
8.24.72.126.11;Prato com Divisória e Sucção 4 Compartimentos Elefante Ollie - Marcus&Marcus;129.9;1;Alimentação;Acessórios de Alimentação
8.24.23.48.07;Prato de Silicone com Divisórias Piccolo Azul - Infanti;64.9;2;Alimentação;Acessórios de Alimentação
8.24.23.51.57;Prato de Silicone com Divisórias Piccolo Terracota - Infanti;49.9;1;Alimentação;Acessórios de Alimentação
8.24.23.49.11;Prato de Silicone com Divisórias Piccolo Verde - Infanti;59.9;5;Alimentação;Acessórios de Alimentação
8.24.23.30.07;Prato Infantil Bowl 300 ml Azul Escuro - Infanti;9.9;3;Alimentação;Acessórios de Alimentação
8.30.33.46.00;Projetor Tiny Dreamer Tiny Love - Boho Chic;0.0;3;Quarto;Decoração
8.09.35.13.00;Protetor Acolchado 2 em 1 para Cadeira para Auto Multikids;79.9;1;Travas e Protetores;Travas e Protetores
8.09.35.04.00;Protetor Acolchoado Automotivo Para Carrinhos e Cadeirinhas De Bebê - Multilaser;39.9;2;Passeio;Acessórios para Passeio
8.25.01.11.00;Protetor de Cantos Clear - Safety 1st;9.9;1;Travas e Protetores;Travas e Protetores
8.12.98.03.00;Protetor De Mesa Em Silicone;19.9;4;Travas e Protetores;Travas e Protetores
8.12.98.04.00;Protetor De Quina Formato U Mesa De Vidro Em Eva;29.9;5;Travas e Protetores;Travas e Protetores
8.25.01.25.06;Protetor de Tomada 10 pç White - Safety 1st;9.9;3;Travas e Protetores;Travas e Protetores
8.25.01.01.01;Protetor Solar Duplo Black - Safety 1st;39.9;2;Passeio;Acessórios para Passeio
8.12.01.20.01;Protetor Solar para Carro Stretch Preto - Safety 1st;59.9;3;Travas e Protetores;Travas e Protetores
8.25.57.124.00;Protetor Solar Retrátil Para Carro com Ventosa - Buba;39.9;2;Travas e Protetores;Travas e Protetores
8.25.01.02.01;Protetor Solar Stretch Black - Safety 1st;59.9;4;Passeio;Acessórios para Passeio
8.01.71.02.18;Rede de Banheira Infantil Premium Rosa - Baby Pil;49.9;1;Banho e Higiene;Utensílios de Higiene
8.01.71.04.18;Rede Para Banheira de Bebê Rosa - Baby Pil;49.9;1;Banho e Higiene;Utensílios de Higiene
8.25.57.132.07;Rede para Banheira Infantil Azul - Buba;49.9;3;Banho e Higiene;Utensílios de Higiene
8.25.57.133.18;Rede para Banheira Infantil Rosa - Buba;39.9;4;Banho e Higiene;Utensílios de Higiene
8.12.47.06.10;Rede Protetora de Banho Cinza - KaBaby;89.9;3;Banho e Higiene;Utensílios de Higiene
8.25.70.52.07;Redutor de Assento Sanitário Degrau Penico Azul - Clingo;149.9;3;Banho e Higiene;Utensílios de Higiene
8.25.53.91.06;Refil Para Escova De Dente Elétrica Chicco 2 Unidades Branca;16.9;72;Banho e Higiene;Utensílios de Higiene
8.30.57.13.69;Risque e Apague Buba Colorido;19.9;11;Brinquedo e Diversão;Brinquedos
8.24.23.67.10;Rosquinha para Seios Serena M Cinza Mescla Escuro - Infanti;19.9;7;Alimentação;Acessórios de Alimentação
8.25.75.04.10;Rosquinhas de Amamentação Cinza Mescla - D'Bella For Baby;59.9;5;Alimentação;Acessórios de Alimentação
8.25.75.41.00;Rosquinhas de Amamentação Nude - D´Bella for Baby;59.9;2;Alimentação;Acessórios de Alimentação
8.25.75.39.18;Rosquinhas de Amamentação Rosa - D´Bella for Baby;59.9;1;Alimentação;Acessórios de Alimentação
8.25.75.40.18;Rosquinhas de Amamentação Rosê - D´Bella for Baby;59.9;4;Alimentação;Acessórios de Alimentação
8.60.171.01.16;Saco de Dormir em Algodão Egípcio Amarelo Primavera Verão M - Casulo;189.0;4;Quarto;Quarto
8.25.75.116.07;Saco de Dormir Swaddle Listrado Azul - D'Bella For Baby;109.9;2;Quarto;Quarto
8.25.75.118.18;Saco de Dormir Swaddle Off White Rosas Poá - D'Bella For Baby;109.9;3;Quarto;Quarto
8.25.75.38.00;Saco Maternidade 3 peças - D´Bella for Baby;59.9;10;Passeio;Acessórios para Passeio
8.25.88.22.07;Seringa Para Lavagem Nasal Infantil Protect Sense 10ml Urso Azul - NoseWash;19.9;1;Banho e Higiene;Utensílios de Higiene
8.25.88.24.11;Seringa Para Lavagem Nasal Infantil Protect Sense 10ml Urso Verde - NoseWash;19.9;3;Banho e Higiene;Utensílios de Higiene
8.30.94.08.00;Soft Ball Sophie La Girafa Chocalho Vulli;119.9;8;Brinquedo e Diversão;Brinquedos
8.09.47.09.10;Suporte de Cabeca Almofadinha Cinza - KaBaby;39.9;1;Passeio;Acessórios para Passeio
8.09.47.18.01;Suporte para Telefone com Alça Ajustável;49.9;2;Passeio;Acessórios para Passeio
8.30.170.09.08;Tambor Musical Infantil Vermelho - Hape;303.9;1;Brinquedo e Diversão;Brinquedos
8.13.57.05.69;Tapete De Água Inflável Mar - Buba;59.9;3;Brinquedo e Diversão;Brinquedos
8.30.57.66.07;Tapete De Água Inflável Oceano - Buba;49.9;2;Brinquedo e Diversão;Brinquedos
8.13.53.01.11;Tapete de Atividades Colorir as Estacões Verde - Chicco;65.0;11;Brinquedo e Diversão;Tapetes
8.13.33.12.69;Tapete de Atividades Picnic Mat Treasure the Ocean - Tiny Love;309.9;3;Brinquedo e Diversão;Tapetes
8.13.33.05.00;Tapete de Atividades Super Mat Magic Tales - Tiny Love;289.9;2;Brinquedo e Diversão;Tapetes
8.13.33.01.00;Tapete e Ginásio de Atividades Gymini Dynamic Meadow Days - Tiny Love;0.0;1;Brinquedo e Diversão;Ginásios
8.13.33.08.00;Tapete e Ginásio de Atividades Gymini Kick & Play Tiny Farm - Tiny Love;599.9;6;Brinquedo e Diversão;Ginásios
8.13.98.05.69;Tapete EPE Rolo ABC Carros 200x180cm - Ibimboo;199.9;2;Brinquedo e Diversão;Tapetes
8.13.98.06.69;Tapete EPE Rolo ABC Girafa 200x180cm - Ibimboo;219.9;1;Brinquedo e Diversão;Tapetes
8.13.98.08.69;Tapete EPE Rolo ABCD Leão 200x180cm - Ibimboo;199.9;2;Brinquedo e Diversão;Tapetes
8.13.98.07.69;Tapete EPE Rolo Pink Festa da Princesa 200x180cm - Ibimboo;199.9;4;Brinquedo e Diversão;Tapetes
8.13.47.21.11;Tapete Ginásio Infantil com Móbile Verde - KaBaby;159.9;3;Brinquedo e Diversão;Ginásios
8.13.98.10.69;Tapete Infantil Animais nas Alturas 200x180cm - Ibimboo;209.9;9;Brinquedo e Diversão;Tapetes
8.13.57.06.69;Tapete Infantil Dobrável Dulpa Face Zoo 1,95 x 1,46 cm - Buba ;239.9;1;Brinquedo e Diversão;Tapetes
8.13.98.03.69;Tapete Rolo Menina Praia Dupla Face 180x200cm ABC;199.9;1;Brinquedo e Diversão;Tapetes
8.13.98.09.69;Tapete Tribo Animal 200x180cm - Ibimboo;209.9;12;Brinquedo e Diversão;Tapetes
8.24.72.93.00;Tapete Xpe Dupla Face Sonhos 180X150X1Cm - Marcus & Marcus;339.9;1;Brinquedo e Diversão;Tapetes
8.25.81.01.00;Termômetro Infravermelho - Bioland;89.9;43;Banho e Higiene;Utensílios de Higiene
8.25.75.81.10;Toalha de Banho Clássica Pequena com Fralda 0 a 2 anos Poá Cinza - D'Bella For Baby;139.9;1;Banho e Higiene;Toalha
8.25.75.35.00;Toalha de Banho Pequena com Fralda Solta 0 a 2 anos Estampado Listrado Azul - D´Bella for Baby;149.9;4;Banho e Higiene;Toalha
8.25.75.36.18;Toalha de Banho Pequena com Fralda Solta 0 a 2 anos Estampado Poá Rosa - D´Bella for Baby;149.9;2;Banho e Higiene;Toalha
8.25.75.111.07;Toalha de Banho Pequena com Fralda Solta Baby 0 a 2 anos Clássico Aviões - D´Bella for Baby;139.9;2;Higene;Utensílios de Higiene
8.25.75.114.07;Toalha de Banho Pequena com Fralda Solta Baby 0 a 2 anos Colorida Cavalo - D´Bella for Baby;139.9;3;Higene;Utensílios de Higiene
8.25.75.115.06;Toalha de Banho Pequena com Fralda Solta Baby 0 a 2 anos Colorido Laço - D´Bella for Baby;139.9;4;Higene;Utensílios de Higiene
8.25.75.32.00;Toalha de Banho Pequena Com Fralda Solta Clássico 0 a 2 anos Flores - D´Bella for Baby;139.9;3;Banho e Higiene;Toalha
8.30.02.01.60;Torre de Aprendizado Toucan 3 em 1 Natural Wood - Maxi-Cosi;0.0;1;Brinquedo e Diversão;Brinquedos
8.12.01.10.06;Trava Magnética Safety 1st White;90.9;2;Travas e Protetores;Travas e Protetores
8.25.57.158.01;Trava Para Cinto De Seguranca - Buba;19.9;8;Travas e Protetores;Travas e Protetores
8.12.98.05.00;Trava Vaso Sanitário;29.9;1;Travas e Protetores;Travas e Protetores
8.09.76.57.10;Travel Sistem Versatrax Cicle Trio Cinza Shellgray com I-Base Isofix I-Snug - Joie;0.0;4;Carrinho de Bebê;Carrinho Travel System
8.15.02.13.01;Travel System Anna³ Trio Maxi-Cosi Essential Black + Arco Sunny Stroll;0.0;2;Carrinho de Bebê;Carrinho Travel System
8.09.03.96.00;Travel System Delta Trio Pro Voyage - Colorê;1249.9;2;Carrinho de Bebê;Carrinho Travel System
8.09.01.27.35;Travel System Mobi Safety 1st Black & White;3719.9;3;Carrinho de Bebê;Carrinho Travel System
8.09.03.102.01;Travel System Yupi Trio Pro Voyage - Preto;1259.9;1;Carrinho de Bebê;Carrinho Travel System
8.25.57.135.06;Travesseiro Anatômico Viscoelástico Baby Branco - Buba;49.9;2;Quarto;Quarto
8.25.74.09.00;Travesseiro Infantil Pillow Air Branco - Kiddo;29.5;8;Passeio;Acessórios para Passeio
8.25.74.08.06;Travesseiro Pillow Soneca - Kiddo;51.9;2;Quarto;Quarto
8.25.01.06.00;Travesseiro Recém-Nascido Cinza Mescla - Fom Baby;89.9;1;Quarto;Quarto
8.30.57.34.69;Treme-Treme De Atividades Zoo Elefante - Buba;89.9;2;Brinquedo e Diversão;Brinquedos
8.30.57.36.69;Treme-Treme De Atividades Zoo Panda - Buba;89.9;2;Brinquedo e Diversão;Brinquedos
8.30.57.37.69;Treme-Treme De Atividades Zoo Unicórnio - Buba;89.9;1;Brinquedo e Diversão;Brinquedos
8.30.33.52.00;Trenzinho de Madeira Boho Chic - Tiny Love;0.0;5;Brinquedo e Diversão;Brinquedos
8.67.57.01.11;Triciclo Andador Baby Dino Verde - Buba;279.9;3;Brinquedo e Diversão;Andador
8.67.33.03.00;Triciclo Infantil de Madeira Boho Chic - Tiny Love;0.0;1;Brinquedo e Diversão;Andador
8.25.92.20.01;Trocador Portátil Envi Luxe Reciclado Preto - Skip Hop;299.9;1;Trocador;Trocador
8.27.01.08.07;Troninho Infantil Kingdom Potty 3 in 1 Blue - Safety 1st;129.9;2;Banho e Higiene;Troninho
8.27.01.09.18;Troninho Infantil Kingdom Potty 3 in 1 Pink - Safety 1st;129.9;1;Banho e Higiene;Troninho
8.27.04.03.07;Troninho Infantil Peppy Azul - Cosco;99.9;1;Banho e Higiene;Troninho
8.27.04.05.18;Troninho Infantil Peppy Rosa - Cosco;99.9;2;Banho e Higiene;Troninho
8.27.03.01.07;Troninho Infantil Ploc Azul - Voyage;79.9;1;Banho e Higiene;Troninho
8.27.03.03.18;Troninho Infantil Ploc Rosa - Voyage;79.9;1;Banho e Higiene;Troninho
8.27.04.08.18;Troninho Infantil Sanny Rosa - Cosco;29.9;1;Banho e Higiene;Troninho
8.27.04.07.11;Troninho Infantil Sanny Verde Água - Cosco;19.9;2;Banho e Higiene;Troninho
8.27.03.07.07;Troninho Infantil Start Azul - Voyage;19.9;1;Banho e Higiene;Troninho
8.25.02.36.06;Umidificador Breathe White - Maxi-Cosi;0.0;17;Banho e Higiene;Utensílios de Higiene
8.30.170.07.11;Xilofone Musical Infantil Verde - Hape;309.9;1;Brinquedo e Diversão;Brinquedos
